customer_id,name,email,address,join_date
1,Allison Hill,donaldgarcia@example.net,"01338 Anna Stravenue Suite 379, Lisatown, WV 21427",2025-03-10
2,Gina Moore,curtis61@example.com,"781 Miller Hill, Barbaraland, AZ 87174",2024-05-01
3,Dylan Miller,michellejames@example.com,"5341 Amanda Gardens, South Noah, SC 90699",2025-07-28
4,Melinda Cameron,perezantonio@example.com,"537 Wilkerson Row, Thomasberg, IA 98148",2024-07-29
5,Deborah Richards,icox@example.net,"22691 James Mountain, Tashatown, TX 94967",2024-12-19
6,Stephen Potter,daniel62@example.com,"USNV Stanton, FPO AE 67043",2022-11-19
7,Sheila Evans,ericfarmer@example.net,"PSC 9570, Box 1543, APO AE 32072",2025-02-14
8,Theresa Miller,wcabrera@example.net,"248 Brandt Plains Apt. 465, Lammouth, DE 32994",2023-05-28
9,George Chapman,briannasmith@example.net,"51834 Lewis Curve, Sanchezfort, AS 53855",2025-07-21
10,Brent Jordan,ujenkins@example.org,"65133 Amanda Dam, Whitemouth, IA 10381",2025-09-25
11,Scott Pierce,pearsonamber@example.org,"PSC 3267, Box 7360, APO AE 50173",2023-04-07
12,James House,smitchell@example.net,"34309 Julie Centers Apt. 978, North Susan, CO 24857",2025-03-26
13,Barry Hensley,kwilson@example.org,"9985 Harris Stravenue, Johnfurt, DC 88540",2025-05-01
14,Joyce Hickman,smithchristine@example.net,"425 Natasha Land, Ericside, VT 40152",2023-04-18
15,Victoria Valdez,contrerasangela@example.net,"USNS Baker, FPO AE 97811",2023-04-23
16,Denise Jacobs,james48@example.com,"PSC 0164, Box 0052, APO AP 34836",2023-12-09
17,Jeremy Thornton,rodriguezsierra@example.net,"826 Bobby Lakes Apt. 533, West Kimberlychester, RI 98736",2023-07-03
18,Timothy Hancock,nicolejohnson@example.net,"342 Patrick Camp Suite 337, Kevinbury, IN 03602",2024-04-13
19,Jennifer Ramirez,rasmussenjoshua@example.net,"14294 Daniel Mews Suite 569, South Rachelborough, KS 06318",2025-01-13
20,April Frost,michaeljones@example.net,"484 Nguyen Square, Angelaborough, MT 87654",2024-04-09
21,Megan Orr,richard04@example.com,"7738 Leon Underpass Apt. 148, Clarencebury, TX 41188",2023-10-06
22,Curtis Johnson,traceycarr@example.org,"676 Dylan Spurs, Port Michelleville, WI 56225",2024-10-21
23,Robert Dominguez,pwilliams@example.org,"889 Dodson Mills Suite 872, Colebury, MP 84080",2024-10-23
24,Richard Washington,joshuajones@example.com,"122 Patrick Drives Apt. 166, Amychester, AR 27611",2023-11-13
25,Jean Carrillo,gateskathy@example.com,"6688 Tracy Groves Suite 706, Elizabethfurt, VA 22133",2024-11-23
26,Tamara Hooper,meadowsbrittany@example.net,"72046 Lewis Islands Suite 646, Maryfort, AK 98677",2022-12-26
27,Zoe Bell,harringtondenise@example.org,"232 Caldwell Port, South Holly, WI 48852",2023-12-03
28,Lawrence Adkins,stricklandfrank@example.com,"663 Brittany Village Apt. 149, Port Tonyaton, MI 70328",2023-04-30
29,Jacob Hunter,alexander67@example.org,"USCGC Zimmerman, FPO AA 23587",2024-09-17
30,Tracie Nelson,umarshall@example.net,"47379 Rogers Park, Hunterborough, MI 34363",2024-01-04
31,Spencer Haynes,angela83@example.org,"377 Mcguire Course Suite 363, Elizabethstad, NJ 73045",2023-11-23
32,Jessica Reese,michael74@example.com,"1823 Joanna Harbor, Tinaborough, LA 30317",2023-12-09
33,Eric Erickson,joshuamccann@example.net,"710 Harrison Mill, Jackton, KS 63117",2024-02-10
34,Austin Vasquez,hernandezlisa@example.com,"Unit 1869 Box 9938, DPO AA 59550",2023-03-26
35,Elizabeth Chapman,ntorres@example.org,"USS Meza, FPO AE 82488",2025-06-18
36,Matthew Moore,andreamoore@example.com,"0344 Jones Fort Suite 936, New Jeffreyberg, PW 35317",2024-10-13
37,Andrea Martin,brooke94@example.com,"648 Kim Rapid Apt. 659, Anthonybury, TX 75893",2023-05-26
38,Alicia Hubbard,barbara27@example.net,"96717 Ortiz Islands Apt. 256, Robertsfurt, GU 72603",2025-08-22
39,Brandon King,cordovarichard@example.net,"0385 Garrett Trace Apt. 348, West Samuel, UT 64033",2022-11-15
40,William Lynch,jennifercollins@example.org,"71274 Perry Orchard, Sanchezside, FL 50778",2025-03-20
41,Kyle Francis,michellehill@example.com,"USNV Hoover, FPO AA 95665",2024-04-24
42,Kevin Duarte,cgrimes@example.net,"5339 Hall Trail Suite 057, Hughesberg, NM 05353",2024-12-05
43,Vincent Rivera,sawyerscott@example.net,"2174 Hanson Locks, Port Markside, MS 42006",2024-10-23
44,Stacy Freeman,williamsonjimmy@example.net,"Unit 1611 Box 7240, DPO AE 43017",2024-02-03
45,Elaine Brooks,johnjenkins@example.net,"693 Durham Divide, South Dana, NH 33967",2023-08-20
46,Stephanie Marshall,erica21@example.com,"Unit 4647 Box 4367, DPO AE 31592",2024-05-03
47,Ian Phillips,andrew64@example.org,"743 Robinson Field, Ericaberg, SC 13236",2025-04-11
48,Maria Parker,xjohnson@example.net,"6232 Schmidt Groves Apt. 474, Lindamouth, CA 18950",2023-06-06
49,Courtney Rhodes,zcoffey@example.net,"48175 Richards View Suite 137, New Nicoleside, MD 80465",2024-06-04
50,Arthur Colon,debra12@example.org,"13826 Watson Summit Suite 926, Port Tracychester, KY 04789",2023-01-10
51,Claudia Wallace,melissagarcia@example.net,"64317 Elizabeth Row Apt. 053, Port Anne, CA 73142",2024-06-06
52,Daniel Kane,kim90@example.com,"Unit 8421 Box 0205, DPO AE 77683",2023-06-26
53,Christopher Williams,vfox@example.org,"917 Sonia Cape Suite 700, Boonechester, TX 14651",2024-11-22
54,Theodore Jones Jr.,cameronhill@example.net,"9847 Garcia Squares Apt. 836, Beasleychester, MA 59942",2025-05-11
55,Nicholas Edwards,elizabeth52@example.net,"61528 Brenda Points, Elizabethchester, MI 87708",2024-11-19
56,Jenny Moon,schmittcaroline@example.com,"73158 Wilson Harbors, Port Roy, OH 81991",2023-04-23
57,Maria Johnson,anthony44@example.com,"612 Christopher Pines, South Robert, MA 21132",2024-05-12
58,Nathan Frank,wareeric@example.net,"6797 Nelson Throughway Apt. 561, Erikashire, NM 69567",2023-01-30
59,Amber Foster,smithkevin@example.org,"1076 David Place Apt. 885, South Michelleton, NE 02957",2023-06-15
60,Blake Edwards,tberry@example.net,"52975 Samuel Coves Apt. 696, South Monicamouth, IN 44156",2024-08-23
61,Angela Schultz,rebeccabailey@example.net,"24329 Kathleen Shoal, East Stephaniefort, NH 99387",2025-08-12
62,Lauren Maldonado,michelle52@example.com,"9058 Lance Mission Apt. 054, Lake Michelleland, RI 78368",2023-02-28
63,Julie Spencer,colelisa@example.net,"207 Lisa Villages Suite 182, East Jasminemouth, NC 69018",2023-09-02
64,Helen Hardin,vortiz@example.net,"51864 Cummings Shoals Apt. 519, West Kyle, SD 92052",2025-05-30
65,Betty Fletcher,collinsnicholas@example.com,"685 Michael Falls, West Stacey, NM 25667",2023-05-31
66,Chad Jones,romeroamber@example.net,"296 Francis Village Apt. 706, Ericabury, NV 80532",2025-02-08
67,Paul Cole,kylestokes@example.com,"4688 Burch Viaduct Apt. 924, Lake Timothystad, OH 13947",2023-09-11
68,Kelli Martinez,hinesjoshua@example.net,"75060 Shaw Freeway, Vangstad, IN 04195",2023-06-30
69,Brett Espinoza,lacey20@example.com,"779 Rebecca Brook, Jasonberg, OH 95821",2024-11-16
70,Jenny Parsons,kevinwilliams@example.com,"17980 Jennifer Highway Suite 095, New Robert, TN 88085",2025-08-02
71,William Jones,myerstheodore@example.net,"Unit 4051 Box 5319, DPO AP 99680",2024-07-06
72,Andrew Payne,mariacohen@example.net,"70430 Nina Island, Zacharyside, NJ 33703",2024-11-26
73,Matthew Mitchell,glennmartin@example.org,"765 Tyler Parks Suite 841, Millerburgh, ND 39005",2024-06-07
74,Bobby Guerrero,sean62@example.net,"596 Fowler Turnpike, North Emilyfurt, MN 67752",2024-10-03
75,Meghan Cisneros,melindagregory@example.com,"556 Cassie Springs, Rushstad, NV 10578",2023-01-07
76,Kendra Sanders,john10@example.net,"144 Lewis Ridge Suite 731, Port Charles, HI 94003",2023-08-30
77,Brandon Fleming,elizabeth18@example.net,"258 David Flats, East Kristy, AK 47804",2024-02-08
78,Jackie Lara,cherylmiller@example.com,"Unit 7866 Box 9125, DPO AP 10221",2024-07-24
79,Michael Cooper,katrinaanderson@example.net,"2253 Meza Path, Meghanview, ID 83739",2023-02-08
80,Denise Weber,shawgary@example.net,"001 Stacy Trail Suite 396, South Pamelaside, LA 84637",2023-07-11
81,Karen Ballard,eevans@example.net,"7359 Larry Stravenue Suite 562, Zacharyville, MD 32186",2023-02-15
82,Derek Wright,williamssonia@example.net,"9532 Ferrell Mountain, Kochfort, AK 12303",2024-08-24
83,Kathy Levy,brandywilliams@example.com,"8016 Nicole Stream Suite 650, Williamsside, ID 48017",2024-12-21
84,Angel Gordon,marcia99@example.org,"Unit 6558 Box 5239, DPO AP 53111",2023-06-01
85,Amber Taylor,linda87@example.org,"PSC 2595, Box 2694, APO AP 44590",2025-06-12
86,Katrina Burns,thomas05@example.com,"409 Baker Shoal Apt. 097, New Cristina, RI 50333",2025-09-25
87,Michael Johnson,leescott@example.com,"8970 April Points, Whitneyfort, NC 49892",2023-07-07
88,Christopher Barr,amy49@example.com,"USNV Grant, FPO AE 39509",2023-09-08
89,Michele Vaughn,wstewart@example.net,"5240 Moses Common Suite 747, East Maria, KY 74165",2024-01-12
90,Breanna Gilbert,johnsantiago@example.net,"65712 Tamara Estate, Delgadofort, NJ 85768",2023-10-30
91,Victor Morris,velezchristopher@example.net,"62067 Sharon Well, Nancytown, ME 74944",2023-11-09
92,Tanya Rogers,ihays@example.net,"743 Mark Street, Wongburgh, AL 97050",2024-12-20
93,Edward Craig,gregorychase@example.com,"1227 Boyle Avenue, Patrickmouth, WV 35496",2024-09-08
94,Elizabeth Sharp,greenmichael@example.org,"2684 Danielle Hill Suite 933, South Eric, WA 79896",2023-02-18
95,Michael Durham,kathleenbecker@example.net,"91088 Ashley Drive Apt. 587, Lake Jamieshire, NM 12420",2023-03-21
96,Jill Brown,williambryant@example.org,"064 Julie Prairie Apt. 065, New Virginialand, NJ 04660",2025-03-31
97,Christopher Taylor,ybrooks@example.com,"512 Rice Stream, Port Adam, AK 39608",2024-06-22
98,Nathan Coleman,pmorrow@example.com,"106 John Cliff, New Arthurton, IA 97565",2024-05-04
99,Jeffrey Fernandez,taylorvictoria@example.org,"42836 Hill Point Apt. 687, West Shellyfurt, WY 69243",2025-04-26
100,Jason Hernandez,iwhite@example.com,"270 Faulkner Point Apt. 634, West Deborah, NV 49138",2023-11-23
101,Nathaniel Lee,nicholas99@example.org,"3540 Sharon Streets, Lake Yvonnefort, PW 32298",2023-03-07
102,Michele Sanders,andrearowe@example.com,"4587 Garcia Stravenue Suite 535, Robertshire, VI 29503",2024-11-07
103,Alexis Tran,mphillips@example.com,"8547 Murray Street, Garyside, NM 24624",2023-11-06
104,Kimberly May,warrenmary@example.org,"2312 Jeffery Motorway, Brucefort, TN 64445",2025-09-17
105,Joseph Jenkins,morenojoshua@example.com,"11823 Christine Glen Suite 461, Susanmouth, OK 32378",2022-12-10
106,Courtney Sutton DVM,davisnicholas@example.net,"217 Newman Isle, New Samanthabury, IL 91240",2024-11-22
107,Karen Williams,cohenjuan@example.net,"0392 Hickman Hills, New John, MP 51508",2025-04-07
108,Kimberly Reyes,krystalnorris@example.org,"16315 Novak Islands Apt. 477, West Angela, MS 57104",2024-12-30
109,Kevin James,lauren11@example.com,"655 Christopher Inlet, Wardview, CT 17868",2023-07-11
110,Jeffrey Hawkins,fgarcia@example.com,"0466 Jenny Points Apt. 982, Jacksonview, ME 35681",2025-03-23
111,Arthur Hamilton MD,xpatton@example.com,"937 Derek Avenue Suite 596, Scottchester, GU 85833",2023-12-02
112,Brandy Flores,timothythompson@example.com,"356 Velasquez Lock Suite 193, Lake Katrina, AK 95818",2024-03-23
113,Michael Gonzales,marie16@example.net,"42661 Ewing Neck Suite 886, Port Tanyaside, PA 84148",2024-12-28
114,Ashley Wright,gabriel90@example.net,"6101 Walker Summit Apt. 756, Bartonshire, UT 66098",2025-08-12
115,Zachary Webb,robert11@example.net,"3875 Davis Stravenue Suite 514, Port Jennifertown, PR 45468",2023-06-22
116,Megan Martin,zacharyarnold@example.com,"62266 Jo Flat Suite 966, Lake Jasonview, WV 92744",2025-04-01
117,Amy Garcia,michaelgonzalez@example.org,"596 Matthews Keys Suite 792, Samanthashire, CO 88595",2023-12-26
118,Bruce Torres,nathanielthomas@example.com,"2782 Tracy Dam Apt. 579, Port Michaeltown, NM 18396",2024-08-24
119,James Hoffman,fortiz@example.com,"034 Joshua Plain, Garymouth, OK 97824",2024-10-03
120,Kathleen Dixon,adamsamy@example.com,"783 Garcia Village, West Nancy, AZ 59448",2025-03-05
121,Scott Miller,rowejoel@example.net,"92330 Patel Ranch Apt. 544, Stephaniehaven, MH 89538",2025-05-15
122,Brandy Brady,rsellers@example.net,"25367 Barbara Grove, Brooksland, SC 12703",2023-05-30
123,Paul Neal,shawn75@example.net,"751 Robinson Meadow, South Joseph, MP 37672",2022-11-17
124,Kenneth Knight,rkramer@example.org,"12770 Harris Spurs Apt. 424, Lake Michaelland, MN 87599",2023-01-24
125,Carol Sanders,jessica36@example.net,"71293 Smith Square, Lisachester, UT 17825",2023-04-04
126,Darryl Davis,garciamichael@example.com,"218 Chelsey Expressway, Bellborough, SC 98578",2023-06-15
127,Jason Parks,christophergarcia@example.org,"5234 John Rapid Suite 043, Lake Peter, SD 07653",2025-05-17
128,Rebecca Allen,frodriguez@example.net,"5269 Diaz Springs, Port Thomas, WI 10068",2025-05-24
129,Austin Baker,livingstonstacy@example.com,"6188 Joshua Inlet Apt. 832, Peterland, ME 92077",2025-01-08
130,Troy Allen,christopherhamilton@example.com,"210 Jacqueline Estates Suite 588, Garyberg, WA 35728",2025-06-22
131,Bailey Yoder,lindsay48@example.org,"7850 Villarreal Expressway, Ericville, MH 75724",2023-12-27
132,Ashley Yang,williamsmichelle@example.org,"20863 Wright Stravenue Suite 419, Davidton, HI 29754",2023-01-24
133,Vicki Finley,wileymichelle@example.com,"53494 Steven Ramp Suite 383, North Sarah, AK 31040",2024-04-05
134,Makayla Steele,tapiaaaron@example.net,"38367 Teresa Divide Suite 103, Haynesstad, NH 98529",2024-06-20
135,Brendan Anderson,kjones@example.org,"44565 Chavez Fort, East Derekshire, CT 20870",2024-09-19
136,Jerry Edwards,herreratami@example.org,"12490 Mary Islands Apt. 135, Palmerport, KS 23290",2024-10-16
137,Jared Chavez,codygarcia@example.org,"36519 Lowery Club, North Jamesmouth, AS 17381",2023-05-21
138,Ryan Lamb,williamssteven@example.org,"0662 Lewis Ferry Suite 472, New Christinebury, SD 39181",2025-04-23
139,Dr. John Miller MD,zgonzalez@example.net,"5787 Durham Parkway, Paulburgh, AK 42296",2023-12-06
140,Alyssa Cochran,brian78@example.com,"Unit 2133 Box 4803, DPO AP 51412",2025-05-09
141,Ryan Bruce,joelstewart@example.net,"599 Anna Field, Weaverburgh, NM 05476",2025-11-01
142,David Robinson,nsmith@example.org,"0029 Kim Vista, Susanstad, VT 87288",2023-06-04
143,Brian Turner,theresaoconnor@example.com,"USNV Thompson, FPO AP 91407",2025-08-03
144,Lisa Kelly,nicholasgross@example.com,"969 Ian Island, Lake Ariana, NM 18935",2023-05-30
145,Blake Reed,gary15@example.com,"154 Jennifer Causeway, Kimchester, GA 54767",2022-12-01
146,James Payne Jr.,kkramer@example.net,"04054 Charles Extension Suite 218, West Brookefort, VT 04563",2025-10-16
147,Matthew Lawson,gmoore@example.com,"Unit 6884 Box 4431, DPO AE 51999",2023-09-29
148,Sara Hernandez,adam14@example.net,"03241 Anthony Inlet, Ruizview, CO 84631",2025-07-12
149,Cathy Mcclure,jacob04@example.com,"021 Elizabeth Valley Suite 938, Port Paulhaven, MT 70691",2024-11-05
150,Taylor Armstrong,thomasmiller@example.net,"72233 Brad Common, Harrisberg, MP 78495",2023-01-06
151,Thomas Sloan,millerangela@example.net,"99861 Hernandez Port Apt. 191, Mikaylastad, FM 54357",2024-04-03
152,Matthew Armstrong,rjohnson@example.com,"65307 Prince Brooks Suite 444, Garrisonville, VI 30379",2023-06-25
153,William Ramos,joseph69@example.net,"7850 Cameron Station, Taylorhaven, FM 75038",2023-04-01
154,Corey Whitaker,wrightstephen@example.com,"8610 Nathan Ranch Suite 279, Maxview, WA 90790",2025-11-12
155,Alexander Williams,mercedesholland@example.net,"007 Deborah Rapid Apt. 349, Jenniferview, NE 49846",2023-10-01
156,Judy Robinson,erica96@example.net,"994 Cohen Orchard Apt. 545, Joseport, ID 20152",2023-04-21
157,Cynthia Brown,rguerrero@example.org,"6660 Matthew Station Apt. 875, Meganside, HI 39007",2022-12-23
158,Carl Green,staceylam@example.net,"465 Green Hill, Yorkfort, AR 83652",2023-04-01
159,Terry Jones,vincentdillon@example.com,"23569 Thomas Wall, Port Christopher, MA 83211",2025-02-14
160,Mrs. Amy Hayes,kathleenjackson@example.org,"96666 Reyes Camp, Lake Nathan, AL 42734",2024-12-13
161,Kiara Smith,simsjohn@example.net,"8942 Madison Hills, Stephenhaven, PA 69198",2024-05-01
162,Stephen Cowan,wendy75@example.org,"USCGC Smith, FPO AE 95812",2023-07-28
163,Mrs. Alison Wagner,richardsondebra@example.org,"909 Ebony Shoal Apt. 016, Jamesside, KS 62681",2024-06-18
164,Christine Jennings,turnerdorothy@example.net,"1891 Wilson Coves, Gonzalezborough, WI 34972",2025-01-30
165,Valerie Howard,cphillips@example.net,"PSC 7530, Box 0119, APO AP 65264",2024-12-24
166,Brandon Hunt,conwaydawn@example.com,"20455 Rodgers Court, North Melissaburgh, MA 47362",2024-02-16
167,Tina Adams,watsonmatthew@example.org,"6762 David Stream Apt. 216, Phammouth, HI 80628",2024-07-28
168,Ian Johnson,timothyfreeman@example.com,"508 Tiffany Skyway Suite 889, South Dorothybury, NJ 45819",2024-09-28
169,Margaret Hernandez,smithsarah@example.net,"75354 William Plaza, Powellbury, CO 60675",2024-11-12
170,Kenneth Miller,hwest@example.com,"0880 Latoya River Suite 883, Clementsstad, GU 07614",2025-08-24
171,Sarah Rivera,xmoran@example.net,"55488 Park Cape, South Donald, VT 97823",2024-10-16
172,Ashley Carr,davidphelps@example.org,"516 Sara Villages, Port Patriciamouth, TN 77743",2024-10-23
173,Brandy Porter,tranryan@example.net,"PSC 2922, Box 1699, APO AA 66575",2024-12-03
174,Jennifer Lynch,joshuastuart@example.com,"9848 Joseph Plaza, East Jason, VT 38587",2024-10-17
175,Tammy Anderson,williambenson@example.com,"968 Rich Manors Apt. 810, Thomaston, ID 35494",2023-05-12
176,Candace Mitchell,dwayne04@example.org,"98386 William Underpass Suite 066, Fryemouth, OH 07552",2025-03-03
177,David Oliver,ogreer@example.net,"347 Tonya Club, East Jill, DE 49941",2025-08-16
178,Douglas Baker,brandyscott@example.com,"25909 Henry Ports, Charlesmouth, NC 29331",2024-11-07
179,Kelly Hartman,robertherrera@example.org,"555 Robinson Terrace, Barajastown, DE 88180",2024-05-09
180,David May,susanfleming@example.com,"PSC 1648, Box 4085, APO AP 67181",2024-06-28
181,Andrew Villanueva,lukemiller@example.org,"Unit 8801 Box 3361, DPO AE 70985",2023-08-01
182,Sherry Figueroa,elucas@example.net,"501 Brian Underpass Suite 819, West Rickey, NV 83104",2025-10-14
183,Eugene Price,nicholsdarlene@example.net,"158 Keith Spur, Catherineport, WV 57868",2023-02-20
184,Rodney Johnson,amandataylor@example.com,"5088 David Avenue, Medinaland, ME 28033",2025-03-10
185,Stephanie Cooper,gwhitehead@example.org,"12908 Newman Cliffs Suite 141, Lake Beverly, MA 47311",2023-07-22
186,Matthew Garcia,mcculloughlouis@example.com,"929 Aguirre Meadow Apt. 053, Lake Jodi, NE 36765",2024-04-07
187,Brandy Quinn,wford@example.com,"914 Patricia Flat, Jessicaland, VA 10383",2024-12-09
188,Sarah Welch,nhammond@example.org,"256 Patricia Radial Suite 278, South Michaeltown, TN 31811",2025-03-19
189,Renee Mendez,katherinetaylor@example.org,"750 Kathleen Fort, West Miketon, TN 27603",2023-08-19
190,Rebecca Hughes,ckeith@example.net,"498 Nicholas Lane Suite 918, Nicholasbury, NC 53695",2024-03-31
191,Sean Tucker,aeaton@example.net,"84322 Michael Stravenue, Lake Jerrymouth, VA 15356",2023-06-17
192,Mr. Daniel Martin,cjohnson@example.org,"809 Brian Green, New Susan, PA 74373",2025-04-22
193,Sherry Luna,stacey37@example.net,"69292 Jackson Spur, Sandrashire, CA 30623",2024-11-15
194,Carlos Smith,mserrano@example.org,"811 Hopkins Rapids, Port Erikachester, NC 55640",2023-08-16
195,Andrew Moreno,shawnaolson@example.com,"2473 Justin Wells, Scotttown, VT 97972",2024-05-11
196,Laura Wilson,brooksjamie@example.com,"9448 Cunningham Ridge, Victoriafurt, WV 27199",2024-08-10
197,Richard Olson,angie74@example.com,"213 Logan Estates Apt. 386, Laurenton, GA 51501",2025-04-29
198,Abigail Davis,thomasburke@example.org,"90669 Dawson Ranch Apt. 277, East Melissahaven, LA 26026",2023-02-21
199,Kyle Black,christinacraig@example.com,"46566 April Street, North Andreaside, PW 76907",2023-11-20
200,Victor Hill,shawnpowell@example.org,"184 Arroyo Unions, Nancyshire, KS 91490",2023-12-24
201,James Webb,katherineali@example.com,"1416 Erica Forks, Robertstad, NC 70709",2025-10-07
202,Ronnie Wright,rosskaitlyn@example.com,"5539 White Summit, South Jillian, IA 96895",2023-03-12
203,Derek Perez,marykelly@example.org,"PSC 7908, Box 0759, APO AA 65033",2023-05-19
204,Sierra Andrews,travis84@example.com,"86780 Long Spur, South Tiffany, UT 68423",2023-10-25
205,Michael Smith,nicolasgarcia@example.com,"434 Mullen Junctions, Ivanchester, IL 55432",2025-06-22
206,Jacqueline Dickerson,shannon92@example.net,"438 Chase Flat, Port Susan, FL 62496",2025-10-14
207,Cassandra Porter,kristen44@example.net,"203 Woods Roads, South Julieview, MN 47727",2025-04-14
208,Tara Scott,jenkinsmichael@example.net,"5587 Preston Light, Stevenberg, VI 22465",2025-06-11
209,Tanya Fisher,esweeney@example.org,"4496 Barron Tunnel Suite 987, Jacksontown, DC 95891",2023-07-23
210,David Manning,clarkrandy@example.org,"USCGC Kelley, FPO AE 52538",2023-02-21
211,Whitney Garcia,christopherhuynh@example.com,"2282 Austin Knolls Suite 778, Amyberg, UT 71186",2024-03-08
212,Kyle Welch,omills@example.net,"PSC 7831, Box 7456, APO AA 20911",2024-03-09
213,Aaron Ochoa,mauriceharrison@example.org,"PSC 7406, Box 4930, APO AP 49475",2025-10-17
214,Stephen Kim,frankmclaughlin@example.com,"3894 Wong Place, Robertland, HI 18408",2024-06-23
215,Mark Williamson,jackie73@example.com,"14427 Jesse Drive, South Jeffchester, ME 65826",2022-12-14
216,Mrs. Raven Rivera DVM,brianrowe@example.org,"6013 Wise Mills, Lake Virginia, ID 60903",2025-03-06
217,Anna Wade,thomasmaldonado@example.com,"881 Olson Hills, West Paige, VI 87886",2024-03-29
218,Brian Chen,alexis49@example.org,"97925 John Parks, Lake Christineton, AR 47099",2024-07-20
219,Meredith Moody,tonystewart@example.net,"306 Ramsey Glen Apt. 778, Amyfort, ID 74779",2025-08-11
220,Gregory Oconnor,mikayla98@example.org,"4857 Kimberly Parkways Suite 209, Kimberlybury, MD 95004",2023-02-28
221,Walter Fuentes,alexandriajimenez@example.net,"5118 Bradley Curve Apt. 031, Leeton, OK 84616",2023-07-11
222,Mary Fox,brandon39@example.net,"717 Michael Summit, Shortton, GU 81363",2023-03-04
223,Andrew Jones,christian38@example.org,"38392 Reese Trafficway Suite 761, Port Henry, MO 66652",2023-04-20
224,Christopher Murillo,umahoney@example.net,"659 Anna Forest Suite 845, Westfurt, AL 95700",2024-04-01
225,Duane Smith,victoriaturner@example.com,"48889 Clinton Mount Suite 224, Pamelabury, IN 34087",2023-10-24
226,Anna Ross,jessicacummings@example.com,"409 Miller Centers, Michaelchester, MT 16300",2023-08-09
227,Cristina Delgado,walterscrystal@example.org,"925 Eric Spring Suite 799, East Ryanfurt, FL 17827",2024-03-01
228,John Mcgee,zbaker@example.net,"78376 Ann Street, East Charles, WI 56870",2024-09-18
229,Thomas Davis,whenderson@example.org,"2597 Scott Viaduct, East Gina, FL 99818",2024-03-26
230,Angelica Singh,stacymcintosh@example.com,"7705 Jody Forest, New Alexandra, KS 72433",2022-12-05
231,Dr. Charles Hale,bennettrebecca@example.net,"3940 Pena Branch, South Donnastad, VI 14642",2023-01-20
232,Sean Banks,tinaromero@example.net,"PSC 7981, Box 2387, APO AP 93885",2023-04-17
233,David Moreno,tracy20@example.com,"84046 Sherry Harbors Apt. 256, North Jessica, NC 89367",2025-10-12
234,Lori Perez,ashleysimmons@example.com,"29832 Barker Pine, South Wendy, WI 19526",2025-06-11
235,Krystal Moore,grantstacy@example.org,"056 Turner Summit, Edwinborough, CT 17742",2023-08-27
236,Phillip Salazar,catherine93@example.net,"1728 Joseph Landing, Port Paul, NJ 18525",2023-11-09
237,Darrell Ortiz,schaeferstephanie@example.org,"Unit 3127 Box 9757, DPO AE 56541",2025-09-21
238,Andrew Moss,zcortez@example.net,"177 Natalie Gardens, Terrellton, OH 51278",2025-04-20
239,Lydia Williams,scott44@example.com,"827 Davis Parkway, East Kimberlyside, DC 52021",2023-07-30
240,Jerry White,nicoledavis@example.com,"111 Walters Corner, Acostahaven, RI 21459",2025-10-23
241,James Tate,ariana22@example.org,"4474 David Curve, North Cindy, KS 02101",2023-08-18
242,Scott Stephens,franklintrevor@example.org,"7199 John Plaza Suite 983, East Eddiestad, AZ 19555",2025-05-16
243,Mary Massey,mark10@example.org,"Unit 2499 Box 9827, DPO AP 76387",2024-08-22
244,Andrew Mack,miguel61@example.com,"14586 Heather Ridge Apt. 198, South Jenniferport, NE 80303",2025-03-18
245,Debbie Andrews,sara99@example.com,"2934 Aaron Burg Suite 139, Gutierrezmouth, MI 73955",2025-01-29
246,Christy Davidson,jonathan14@example.com,"55699 Marilyn Fields, Marthafort, PW 62694",2025-01-09
247,Maria Olson,imcclain@example.com,"084 Peters Brook Apt. 955, East Juantown, MA 49684",2024-11-01
248,Sarah Duncan,hlopez@example.com,"6173 Hayes Hollow, New Kevin, DE 49550",2025-11-13
249,Paula Gentry,zhunter@example.com,"8452 Lynn Path Apt. 307, Reeveshaven, DE 01039",2024-12-29
250,Andrew Charles,cookpamela@example.org,"94353 Justin Place Suite 714, East Joshua, AL 82151",2025-01-30
251,Ashley Daniels,joseph49@example.org,"702 Thomas Spring Apt. 160, South Philipshire, SC 90957",2023-08-07
252,Lisa Edwards,jenniferlambert@example.net,"Unit 7921 Box 7174, DPO AP 84966",2023-03-16
253,Julie Hall,douglashuang@example.com,"7701 Rodriguez Neck Suite 245, New Dakota, GU 94122",2024-05-31
254,Erika Banks,amanda69@example.com,"6153 Mueller Mews, Amybury, HI 87350",2023-11-19
255,Nancy Joseph,mwilson@example.com,"46191 Murphy Rue Apt. 132, Port Dwayneberg, NV 70133",2024-04-02
256,Luis West,erinstewart@example.net,"519 Cheryl Pass Suite 240, Rachelton, AL 92691",2025-10-04
257,Veronica Rodriguez,michelle36@example.net,"666 Gardner Shore Apt. 723, Bridgesstad, MP 55188",2025-05-18
258,Zachary Santiago,alexanderwong@example.org,"26796 Shawn Manors, Cruzbury, HI 56176",2024-12-09
259,Laura Bradford,jenniferadams@example.net,"751 Nixon Common, Lake Jessica, PR 98881",2025-04-27
260,Julie Miller,sanchezcrystal@example.net,"058 Taylor Passage Suite 956, Susanport, LA 22456",2025-09-17
261,Thomas Curry,bryan79@example.org,"904 Miller Parkways Apt. 442, Joshuaview, AL 97681",2025-04-21
262,Christopher Vargas,donnawood@example.org,"2805 Tammy Ranch, Port Tyler, MT 50723",2023-12-24
263,Jeremiah Walsh,beckywilkinson@example.org,"27674 Reese Terrace, South Frances, MS 62706",2025-08-07
264,Joseph Graham,sara76@example.net,"USS Davis, FPO AP 84049",2024-03-18
265,Ryan Bishop,matthew41@example.com,"393 Byrd Falls Suite 800, North Roberthaven, CT 90350",2025-08-26
266,Daniel Campbell,austinharvey@example.org,"111 Nicholas Track, North Heather, KS 39110",2025-05-24
267,Timothy Fowler,kayla54@example.org,"6504 Thompson Cliff, Krauseborough, RI 51964",2023-03-08
268,Johnathan Thomas,probinson@example.org,"11947 Peggy Drive, North Elizabethview, FL 92258",2024-09-29
269,James Smith,zmendoza@example.net,"7198 Cook Hollow, Brownland, MN 70575",2023-03-02
270,Gina Randall,deborah28@example.org,"615 Miller Roads Suite 320, North Jennifer, OR 31759",2024-07-02
271,Arthur Fernandez MD,blevy@example.org,"1387 Joyce Fort, North Jillfort, SD 02999",2024-04-24
272,Thomas Williams,alexischen@example.com,"111 Larson Ridges, North Linda, NE 44717",2023-04-14
273,Vickie Gregory,david98@example.org,"92511 Thomas Mall, Lake Mitchell, GA 57997",2024-03-27
274,Kevin Anderson,bstrickland@example.com,"94672 Douglas Groves, Jenkinsburgh, RI 91160",2023-03-19
275,Christopher Porter,burtonkimberly@example.com,"18195 Steven Road, West Brian, DE 20059",2024-08-25
276,Tracy Wells,ernestlivingston@example.org,"4597 Dan Center, East Kristen, NM 67990",2025-08-11
277,Steven Griffith,robert53@example.org,"636 Charles Prairie, Brownchester, FL 28834",2024-04-03
278,Jordan Hughes,stephenlee@example.com,"90421 Ellis Extension, Jeffreyport, PA 21051",2024-01-06
279,Margaret Carr,belindatran@example.org,"97740 Fitzgerald Gateway Apt. 569, New Sophia, PW 75697",2023-03-28
280,Jennifer Williams,gquinn@example.org,"177 Christopher Terrace Apt. 632, Kennethland, AK 63387",2024-09-05
281,Candice Stevens,braysteven@example.org,"701 Barry Isle Apt. 464, Port Gail, RI 44501",2025-11-10
282,Amy Dougherty,pamela16@example.com,"2818 Devon Isle Apt. 817, Port Julie, IN 42504",2024-11-05
283,Derek Frazier,brian55@example.com,"8847 Marsh Square, East Patriciamouth, CO 11009",2024-12-08
284,Christopher Mullen,rodriguezjoshua@example.net,"046 Thomas Manor, Rojastown, LA 25281",2023-07-01
285,Shane Hall,robert55@example.com,"4924 Kristina Forks Suite 540, West Justin, GA 81586",2025-05-23
286,Michelle Mitchell,maryschwartz@example.net,"59274 Lopez Points, Lake Loganstad, FL 49379",2023-07-10
287,William Ferguson,knapprichard@example.com,"USNV Moore, FPO AP 72085",2023-06-27
288,Erin Thornton,wkemp@example.net,"1702 Kyle Locks Apt. 751, Brianborough, OR 69501",2025-09-14
289,Timothy Ramirez,millermelissa@example.net,"USCGC Lee, FPO AA 79559",2025-09-22
290,Terri Kerr,raymond65@example.com,"4781 Jessica Mills Suite 742, Chandlerchester, DC 77463",2024-06-15
291,Briana Turner,carl96@example.org,"2879 James Village Suite 487, Port Margaretshire, ME 65263",2022-11-24
292,Julie Johnson,moorekevin@example.net,"2730 Kathy Park Apt. 959, Cunninghamview, SC 90404",2025-07-29
293,Michael Wilson,brucefrancisco@example.org,"2045 Fields Knolls, West Kellyland, NY 25904",2023-06-29
294,Catherine Davis,amybrennan@example.net,"89520 April Landing Suite 652, East Ericbury, MP 25197",2024-02-24
295,Kristin Norris,butlersabrina@example.org,"PSC 7545, Box 2798, APO AA 23072",2023-06-05
296,Alyssa Olsen,davidbenson@example.net,"16110 Todd Canyon, North Antonio, TN 67803",2023-10-31
297,Julie Kerr,joneselizabeth@example.org,"PSC 3932, Box 5012, APO AP 36857",2023-05-25
298,Hannah Martin,williamjones@example.net,"2801 Samantha Vista, Richardsonshire, HI 58128",2022-12-05
299,Ashley Davenport,gcoleman@example.org,"71827 Bush Point Apt. 157, South Justinport, TX 58691",2024-08-08
300,Jason Mercer,elopez@example.com,"716 Mills Springs, North Douglasfurt, UT 77906",2025-10-03
301,Natalie Stafford,calvinhester@example.com,"36749 Avila Unions Suite 579, Archerhaven, KY 19817",2023-09-21
302,Ashley King,ihall@example.org,"0269 Hernandez Road, Port Charleshaven, WI 65013",2023-04-17
303,Christina Bates,iwagner@example.com,"1675 Ramos Camp, East Angelaport, FM 93045",2025-03-02
304,Jeffrey Edwards,hfreeman@example.net,"8280 Baker Ramp Suite 954, Bryanshire, AZ 17304",2025-09-27
305,Hannah Harmon,hubbardcolleen@example.com,"5033 Deborah Ramp Apt. 141, Geoffreyside, MD 05400",2023-04-14
306,Scott Bradley,sadams@example.com,"9659 Lindsey Courts Apt. 578, Garrettport, MN 57647",2025-05-15
307,Mark Dickson,pittmanamanda@example.com,"91919 Nelson Port Suite 635, Lake Madisonhaven, AS 39810",2023-12-30
308,Joshua Gonzalez,gking@example.com,"82973 Adams Route, Michaelton, NC 26800",2025-09-22
309,Charles Hernandez,megan65@example.org,"4249 Richard Crescent Apt. 303, Stevenside, NE 55815",2025-07-25
310,Amanda Moore,anthonyclarke@example.com,"700 Lee Hills, South Pennyland, MO 95427",2025-09-02
311,Cynthia Duncan,boydmaria@example.net,"91559 Shaffer Summit, South Jeffery, CT 23458",2023-12-10
312,Donald Ortiz,henrynicholas@example.org,"342 Alvarez Land Suite 090, Lake Samanthabury, KS 72948",2024-03-19
313,Mark Haynes,nicholsjoel@example.com,"4134 Michele Estates Suite 560, Michellefort, NJ 97093",2024-07-09
314,Ryan Love,hollowayholly@example.net,"0027 Aaron Flats Suite 591, East Johnberg, PR 78359",2023-02-25
315,Rebecca Flores,irusso@example.com,"3165 Phillip Lane Apt. 008, North Terri, ID 34813",2023-08-10
316,Caroline Morales,jburke@example.org,"86771 Jennifer Field, Keithfort, MS 17566",2024-06-07
317,Daniel Lewis,jessica36@example.org,"4397 Mike Spur, Millerfort, DC 42869",2024-08-09
318,Jennifer Lewis,verickson@example.net,"53759 Adam Parkways, Turnerfurt, TN 49115",2023-12-17
319,Steven Williams,jorgegordon@example.com,"862 Wilson Cape Apt. 745, Campbellview, RI 35072",2024-11-10
320,Jessica Martin,jgallagher@example.net,"32032 Thomas Estates Suite 617, South Michaelside, NM 60500",2025-08-31
321,Ryan Camacho Jr.,harrisjustin@example.org,"089 Robert Club, Port Tyler, CT 43578",2025-01-12
322,Michael Becker,gbrooks@example.com,"774 Mark Cape Suite 592, Port Brandon, SD 37588",2023-07-10
323,Anthony Jones,qdavis@example.org,"Unit 6103 Box 2664, DPO AP 99140",2023-11-21
324,Brittany Evans,tfitzgerald@example.net,"8377 Alvarez Port, Davischester, AS 48766",2025-06-08
325,Jessica Simmons,palmerteresa@example.net,"8814 Kim Unions, Evansberg, TX 39876",2023-10-28
326,Kelly Phillips,arnoldsamantha@example.net,"79454 Kayla Brook Apt. 722, Williamschester, FM 92825",2023-04-30
327,Kevin Gibson,qhanson@example.com,"941 Ferguson Avenue, Wilsonburgh, SD 63038",2023-08-31
328,Jared Sandoval,nturner@example.com,"1220 Daniel Brook Apt. 037, Lake John, MP 82559",2025-10-21
329,Kimberly Miller,bhernandez@example.org,"777 Michelle Prairie, East Kenneth, MP 51846",2023-05-13
330,Adam Mccoy,fpetty@example.net,"76789 Hall Circle Apt. 695, West Patriciachester, FM 62542",2025-04-30
331,Marcus Lucas,bterry@example.org,"7383 Dorsey Walk Suite 246, Whitakerstad, WY 62409",2024-02-04
332,Sarah Howell,hannah17@example.org,"67433 Yvette Knolls Suite 522, Port Brycechester, DE 81446",2023-08-10
333,Justin Tucker,kristen08@example.com,"077 Theresa Tunnel, Port Annahaven, CT 22396",2023-07-06
334,Shelby Bartlett,jessicaerickson@example.net,"55213 Montes Trafficway, East Maryfort, MA 38086",2024-12-27
335,Angela Watson,qward@example.org,"26667 Acevedo Mills Apt. 081, West Leroyburgh, NE 08557",2023-07-07
336,Andrew Nielsen,rachelbrown@example.net,"6845 Smith Harbors Apt. 673, Terryfurt, WI 26360",2025-09-04
337,Angela Medina,vhardy@example.org,"Unit 4318 Box 8485, DPO AP 21476",2025-01-30
338,Steve Fernandez,john46@example.net,"8510 Shane Ports Apt. 753, West Kevin, TN 94198",2023-05-04
339,Brenda Gray,danielblack@example.org,"661 Bryan Curve, Lewisland, MN 89213",2024-05-28
340,Leah Stone,lwiggins@example.com,"762 William Oval Suite 288, Lake Jasonfort, AZ 98345",2025-07-29
341,Justin Dorsey,guzmanricky@example.org,"215 Ritter Hollow, Toddberg, FL 77784",2024-06-10
342,Timothy Torres,jason70@example.org,"7949 Mccullough Tunnel, Alvarezberg, WV 18657",2025-03-13
343,Julia Cole,uhernandez@example.com,"3658 Susan Mills Suite 120, Annville, SD 73816",2023-04-01
344,Tyler Weaver,bernardaimee@example.com,"PSC 1820, Box 4339, APO AA 11595",2025-01-02
345,Lisa Morales,henrysarah@example.com,"564 Danny Courts, West Douglas, KS 12248",2024-09-22
346,Tristan Gregory,mendezmark@example.org,"2654 David Crest, East Johnshire, IA 65116",2023-02-12
347,Kathy Avery,bruce78@example.com,"304 John Point Apt. 496, Millerhaven, IL 19161",2023-02-23
348,William Casey,jali@example.com,"420 Sarah Orchard Suite 946, Meganborough, OR 67390",2023-01-17
349,Christopher Ferguson,turnerrandall@example.org,"3985 Reid Terrace Suite 435, Jasonmouth, AK 91182",2023-06-18
350,Thomas Lynch,valenzuelaemily@example.com,"PSC 7681, Box 1807, APO AP 16677",2025-03-26
351,Robert Carey,paul01@example.com,"USCGC Smith, FPO AP 03093",2024-06-11
352,Melanie Fletcher,christopheraustin@example.com,"0479 Adrian View Suite 149, Jacksonborough, TN 97338",2023-10-23
353,Melanie Cunningham,chapmanjulie@example.org,"USNS Ibarra, FPO AP 36457",2023-12-22
354,Michael Braun,erin70@example.com,"6641 Simpson Path, Lake Jeffreyview, PW 55559",2025-08-05
355,Emily Myers,christopher90@example.net,"Unit 6133 Box 2541, DPO AP 82459",2023-10-30
356,John Morton,mary31@example.com,"USS Underwood, FPO AP 31531",2023-11-19
357,Patricia Harvey,garrettbeth@example.org,"PSC 6512, Box 0704, APO AP 82576",2023-02-16
358,Brian Brown,phillipspatrick@example.org,"907 Marshall Meadow, West Debratown, NH 68293",2025-06-29
359,Corey Garcia,watkinsmary@example.net,"6797 John Union Apt. 024, Palmerstad, ME 77003",2023-05-28
360,Patricia Hernandez,carrie45@example.org,"38806 Gonzalez Flats, Port Casey, ID 88038",2025-01-26
361,Michael Mcdonald,melissa95@example.net,"70730 Heather Mountain, East Timothy, WI 43953",2024-02-22
362,Jamie Ross,coxcharles@example.org,"3950 James Haven Apt. 342, Melaniebury, HI 26189",2025-03-24
363,Ryan Lozano,deckerderrick@example.net,"7355 Shelley Union, Johnsland, DE 19432",2023-05-05
364,Bianca Lopez,ubenson@example.net,"Unit 3099 Box 3842, DPO AA 32898",2024-09-11
365,Robert Salas,fclark@example.com,"685 Stone Fall, Jenniferhaven, UT 63847",2025-09-09
366,Kathleen Adams,ylittle@example.net,"73634 Oneal Ports, Port Neil, OH 11610",2025-08-19
367,Bradley Wallace,jerry07@example.net,"6657 Nelson Burg Apt. 734, West Rachelport, MP 66268",2025-07-05
368,Maria Hartman,coreyjones@example.org,"544 Lee Rapids, Port Karen, WA 71689",2025-03-11
369,Alexa Evans,krista66@example.net,"3337 Zachary Turnpike, Sharpmouth, MA 11756",2025-08-27
370,Cole Carrillo,cclark@example.net,"0755 Robert Spur, Farmerside, ME 43240",2022-12-30
371,Latoya Johnson,ericcisneros@example.com,"3618 Lopez Coves Suite 974, East Damonside, HI 04703",2025-04-14
372,Lindsey Johnson,chadmccarty@example.com,"0580 Mark Loop, Mooreville, DC 70814",2023-09-29
373,Patrick Price,davidharris@example.com,"387 Harris Divide Suite 169, New Mark, OK 64851",2025-09-11
374,Kenneth Mclaughlin,debbie75@example.net,"3296 Cruz Shoals, Lake Ashley, MO 92073",2024-02-19
375,Cynthia Harrell,nicole84@example.net,"6815 Karina Parkways, Robertburgh, KS 27681",2023-02-25
376,Julia Jones,vjames@example.com,"1257 Murray Corner, Lake Stephanie, DC 62208",2023-09-11
377,Sarah Jackson,lawsongregory@example.org,"04275 Jay Bypass, South Heather, MP 83704",2025-02-21
378,Margaret Moran,myerskyle@example.org,"35331 Robert Bridge Suite 313, Port Maryburgh, VA 22396",2025-05-31
379,Jose Ochoa,anna39@example.org,"33155 Alexis Shoal Suite 063, Robinsonview, SD 82278",2025-03-04
380,Austin Robinson,katrina71@example.net,"1956 Martin Roads, Tiffanyfort, CA 44423",2025-02-23
381,Thomas Cole,wesleybush@example.org,"3639 Brian Landing, Phillipsberg, MS 27290",2023-11-10
382,Cynthia Swanson,vstevenson@example.org,"640 Melanie Isle, Johnside, AR 87664",2024-01-20
383,Rebecca Horton MD,lboyd@example.com,"30232 Glenn Plaza Apt. 381, Hardyport, GA 95092",2025-07-19
384,Jeff Obrien,justin73@example.com,"6277 Wagner Street Suite 270, Simmonsland, WV 39852",2024-11-30
385,Brittany Barber,oscar47@example.com,"52732 Adam Wall Suite 766, Wallerstad, MS 64667",2024-06-18
386,William Jones,riddledavid@example.net,"5875 Debra Manors Apt. 370, Crystaltown, UT 87752",2023-07-24
387,Deborah Gibson,jonathanguzman@example.net,"669 April Field, Martinchester, KS 91181",2023-07-22
388,Walter Barrett,uwillis@example.com,"43640 Lisa Alley Apt. 168, Penachester, GA 23622",2023-04-01
389,Michael Gonzalez,waynerodriguez@example.net,"234 Alexander Road, Port Danaland, LA 11734",2023-10-10
390,Donald Peterson,timothychambers@example.org,"901 Alexa Avenue, Morrisonview, NM 62528",2022-11-28
391,Lindsey Rogers,yvonne35@example.net,"5107 Hardy Dam, New Davidhaven, KY 92155",2024-07-25
392,Danielle Hayes,qrobertson@example.org,"Unit 5050 Box 5739, DPO AA 52951",2022-11-18
393,Rebecca Bailey,shatfield@example.org,"289 David Underpass, West Marisaside, VI 61685",2024-07-03
394,Jeremy Wilson,johnjackson@example.net,"025 Miranda Forges Suite 712, Davismouth, VI 29835",2025-11-05
395,Pamela Burke,nicholas68@example.com,"1115 Julie Crescent, Davidmouth, MS 76118",2023-11-11
396,Emily Lawrence,melaniewhitney@example.com,"993 Randall Plain, Stewartport, MP 29193",2024-06-03
397,Mr. Kyle Thomas DDS,georgekyle@example.net,"374 Brown Valleys Suite 233, Port Kimberlyfort, VA 51856",2023-05-24
398,Robert Gaines,vickiekelley@example.com,"6184 Horton Fields Suite 125, Port Sarahport, NH 86305",2024-08-31
399,Chad Dominguez,phyllis33@example.net,"9126 Shelton Extension, North Michaelfort, HI 07378",2023-09-13
400,Jose Morgan,obooker@example.net,"67492 Parsons Underpass, Port Stevenfurt, KY 83382",2024-08-02
401,Holly Wilson,martinezdarlene@example.net,"1926 Cooke Squares Suite 492, West Bryanside, HI 53628",2023-10-29
402,Alicia Hawkins,lbrown@example.net,"129 Adam Mission, Davidberg, OK 27531",2025-08-22
403,Anita Scott,millerdavid@example.com,"Unit 2603 Box 4084, DPO AP 70506",2024-05-31
404,Kenneth Neal,catherine83@example.net,"03243 Carrie Forge, Joshuachester, CA 72570",2023-04-16
405,James Mckee,qbryant@example.net,"USNS Herrera, FPO AE 83019",2024-09-04
406,Whitney Terry,jenniferelliott@example.net,"56609 Chris Crossing Apt. 861, Daniellestad, PW 44215",2025-01-16
407,Brianna Yates,alejandro63@example.com,"84971 Graves Way, Andreaville, MH 06787",2023-04-26
408,Travis Price,linda88@example.net,"0822 Nicholas Street, Brianstad, VT 33152",2024-07-31
409,Jennifer Ellis,zandersen@example.com,"341 Russell Island Apt. 113, East Barbaraland, WA 37968",2025-01-02
410,Katherine Baxter,urhodes@example.org,"0930 Park Summit, Johnhaven, TX 80349",2024-11-28
411,Jerry Jackson,gregoryrichardson@example.org,"7625 Matthew Springs, Port Amber, WI 15949",2025-01-19
412,John Baker,rojasashley@example.org,"USS Walls, FPO AP 64499",2024-03-01
413,Aaron Stevens,michael05@example.net,"67318 Robert Oval, East Kaylaview, IN 62196",2023-08-30
414,Edwin Patterson,amandaadams@example.com,"56053 Jake Canyon, South Robert, MA 04643",2025-08-29
415,Cristian Mendoza,david78@example.com,"8621 Laura Crossroad Apt. 580, North Erika, MA 56818",2025-10-08
416,Nancy Hamilton,justin16@example.org,"41436 Thomas Tunnel, Lake Jessicaburgh, ID 77990",2025-06-30
417,Brittany Martinez,mjohnson@example.org,"06684 Jeffrey Meadow, Brownchester, SD 07271",2024-09-06
418,Derrick Ramirez,jennifer35@example.org,"534 Ramirez Rest, South Jackfort, MN 44316",2023-08-23
419,Brent Smith,markfigueroa@example.com,"43961 David Summit Apt. 093, Lake Sean, CT 10315",2025-05-16
420,Lisa Turner,mmayo@example.net,"8485 West Stravenue, South Carloschester, NC 66544",2023-07-10
421,Carol Hill,keithsosa@example.org,"8812 Christensen Lights Suite 694, East Adam, OK 29049",2025-10-26
422,Alexa Mcfarland,ugordon@example.net,"4812 Brandon Freeway, Benjaminberg, FM 36907",2023-12-21
423,Debra Gibbs,veronicaclark@example.org,"1842 Villanueva Hill Suite 005, Lake Tammy, HI 34053",2022-11-16
424,Kimberly Irwin,sharphailey@example.net,"3543 Moore Fort, Richardsonfort, CO 65507",2023-12-18
425,Cody Huffman,ashleyharding@example.org,"26931 Charles Gardens Suite 618, Lake Karen, AL 79575",2025-08-15
426,James Rodriguez,hinesdeanna@example.org,"2900 Amy Viaduct, Melissaland, ID 18750",2023-06-07
427,Mr. Jeremy Martin,timothy30@example.net,"01841 Thomas Fork, East Ronaldberg, MI 86400",2025-10-24
428,Thomas Cohen,vasquezvicki@example.org,"USNV Howard, FPO AP 44242",2023-04-21
429,Thomas Gillespie,munozgregory@example.net,"49451 Hendricks Shore Suite 410, Port Diana, MD 19870",2024-04-17
430,Nathan Floyd,hbriggs@example.net,"USNV Thomas, FPO AA 17217",2024-09-08
431,James Flores,aolson@example.net,"6878 Patel View, South Christopher, VT 55792",2025-07-29
432,Paula Shepherd,jacquelineyoung@example.org,"Unit 0587 Box 2105, DPO AA 18765",2023-09-25
433,Charles Castaneda,osanchez@example.org,"0650 Elizabeth Cliffs, Monroeburgh, AK 19753",2023-06-16
434,Bob Jones,lhernandez@example.com,"6570 Rodriguez Circle Apt. 928, North Randy, NE 89617",2023-06-19
435,Jordan Dawson,samantha84@example.net,"1862 Richard Centers, South Isaiah, WA 73808",2023-11-02
436,Angela Schwartz,pedwards@example.com,"634 Dan Lake Suite 034, New Daniel, IL 78765",2024-06-27
437,Theodore Lopez,daniellejohnson@example.com,"Unit 9097 Box 0051, DPO AA 01612",2023-03-26
438,Dr. Tina Porter,karen52@example.net,"818 Andrew Underpass Suite 790, Evanmouth, CO 82545",2025-09-27
439,Nathan Wilkerson,kaylamartin@example.net,"Unit 9857 Box 2545, DPO AP 56980",2025-01-24
440,Micheal Vega,jasonbishop@example.org,"02481 Davis Island Apt. 421, Barbarastad, CO 09824",2023-07-08
441,Raymond Scott,wgood@example.com,"PSC 1970, Box 5466, APO AP 89706",2025-08-20
442,Jacob Kirk,nathaniel68@example.com,"038 Eric Cove, Nicholasshire, MO 10066",2023-12-27
443,Shane Caldwell,steven87@example.org,"6365 Logan Rapids, Lewisfort, DE 36988",2023-03-27
444,Joshua Fry,danielleflores@example.org,"6730 Miranda Trace, Nelsonburgh, CO 19078",2025-06-04
445,Jared Evans,hsavage@example.org,"PSC 2016, Box 5423, APO AA 55433",2025-09-19
446,Mr. Richard Sheppard,sgomez@example.net,"99255 Edward Mount, South Michelle, DE 88836",2024-07-10
447,Joseph Smith,iharding@example.net,"33682 Robinson Fords, Lake Barbara, AL 49031",2024-10-12
448,Alexis Mosley,lyonsdeborah@example.com,"685 Sara Mount Suite 528, New Ryan, LA 86956",2024-08-18
449,Jessica Campbell,cowanlinda@example.org,"79817 Elizabeth Walk Suite 337, Wilsonfort, DE 46456",2023-04-02
450,Suzanne Gutierrez,xsmith@example.org,"6306 Alexis Drives Suite 895, Georgeshire, NE 32198",2025-01-10
451,Jenna Jensen,zpoole@example.net,"265 Samuel Courts Apt. 819, Cameronview, MP 72971",2024-09-10
452,Frank Davis,kimcristina@example.net,"602 Walters Tunnel, Jacobbury, ME 25906",2023-07-09
453,Danielle Deleon,qtownsend@example.org,"091 Stephen Ranch, North Donaldview, MH 24176",2024-01-15
454,Johnny Ward,peterhenry@example.org,"66572 Kent Fall, North Theresastad, NJ 80979",2024-08-17
455,Abigail Boyd,sara39@example.org,"51305 Jeffrey Stream, West Joshua, ID 12555",2025-02-23
456,Juan Phillips,zgraham@example.org,"1994 Laura Stravenue Suite 676, Lisaville, PA 50707",2023-12-07
457,Keith Brooks,colepamela@example.net,"856 Danny Valleys Suite 625, North Jason, MN 49255",2023-12-12
458,Ernest Smith,lovejason@example.net,"PSC 8164, Box 9383, APO AE 74026",2024-03-27
459,Lawrence Ware,berrydebbie@example.net,"30770 Fisher Crossing Suite 295, Youngtown, LA 02838",2024-09-20
460,Savannah Travis,zmitchell@example.org,"PSC 0501, Box 7164, APO AA 42075",2025-02-19
461,Jennifer Hawkins,troy06@example.com,"Unit 7159 Box 1030, DPO AE 18685",2025-10-30
462,Frank Watts,fperez@example.org,"040 Brandon Hollow, West Markfurt, KY 92076",2024-06-09
463,Chad Murray,luishernandez@example.net,"839 Stanley Harbors, Kendrafort, IN 12533",2024-08-17
464,Edward Miller,donnamoss@example.org,"30376 Tony Junctions Apt. 988, Kathleenport, VT 60010",2025-10-28
465,Sarah Garcia,jefferycox@example.com,"14624 Dylan Wells Apt. 130, Lopeztown, NJ 87255",2025-07-04
466,Heather Wilson,gomezjason@example.com,"74510 Dennis Manors Apt. 436, New Joshua, PA 65200",2025-01-02
467,Ashley Williams,susanrobinson@example.org,"81439 Myers Courts, Lake Madison, UT 35663",2023-01-08
468,Christopher Harris DDS,jessica12@example.net,"325 Garrett Isle Suite 207, Cookburgh, KS 10590",2025-11-06
469,Philip Smith,tara90@example.com,"94388 Kari Trail, North Kevinmouth, NV 64813",2023-12-03
470,Wanda Scott,dking@example.org,"971 Jennings Stream Apt. 263, West Tyler, IA 76206",2024-05-14
471,Valerie Howard,leestephanie@example.net,"Unit 8782 Box 4556, DPO AP 55196",2023-04-30
472,Desiree Lee,mary16@example.com,"Unit 5410 Box 7272, DPO AP 38483",2025-04-12
473,Mary Torres,calvin40@example.com,"74065 Brendan Dam, Natashahaven, TN 73999",2023-01-16
474,Brandon Nelson,ryanhull@example.com,"66614 Harper Extensions Suite 592, West Derek, OH 26652",2023-10-19
475,Bradley Knight,ygardner@example.com,"585 Gomez Mountain Suite 670, Port Robertberg, RI 40135",2023-04-12
476,Lauren Watson,brian62@example.com,"10415 Lynn Port Suite 501, Lake Jamieberg, OH 97549",2025-09-19
477,Brandy Jacobson,kevincollins@example.org,"10291 John Cove, Johnsonhaven, NV 51712",2024-12-06
478,Bryan Sullivan,loriskinner@example.net,"916 Daisy Ferry Apt. 328, South Timothy, LA 87996",2023-12-23
479,Kevin Richardson,peter17@example.com,"1960 Johnson Run Suite 052, Khanmouth, KY 01696",2024-09-03
480,Mrs. Savannah Gordon,rachel86@example.net,"9572 Glover Shoals, Sandraland, PW 85060",2023-02-19
481,Dr. Larry White,david59@example.net,"00231 Victor Springs Suite 533, East Jessicafurt, WV 55558",2024-05-07
482,Amy King,bradfordcharles@example.com,"51762 James Overpass, Sheltonbury, ID 97776",2025-06-13
483,Robert Stokes,christopherjohnson@example.net,"56981 Lopez Stream, Leeborough, OK 62594",2023-04-12
484,Heather Yoder,lauriegonzales@example.net,"84117 Brett Plains, Andrewport, MP 33450",2024-06-20
485,Hunter Brennan,tammyjones@example.net,"9081 Giles Greens Apt. 056, Jameston, DC 27270",2023-11-23
486,Morgan Glass,youngcharles@example.net,"1699 Paige Neck, West Jennifer, CT 05167",2025-06-18
487,Danny Bell MD,andrewbrown@example.org,"087 Paul Lane Apt. 668, North Samuel, MH 81195",2025-02-20
488,Mrs. Cheryl Kim,allenchristopher@example.org,"30102 White Cape, Michaelbury, LA 17503",2023-11-01
489,Karen Martinez,jonesshawna@example.org,"74584 Alison Grove Suite 881, West Rachelfort, KY 10783",2024-12-21
490,Chad Daugherty,kevintran@example.org,"37710 Huff Groves, Briannaport, GU 11575",2024-06-14
491,Scott Cruz,roypatrick@example.org,"680 Johnson Track, Sharonmouth, MP 34911",2023-10-28
492,Leslie Todd,jessica96@example.com,"487 Armstrong Port Suite 267, East Rebecca, KY 89970",2023-02-10
493,Angela Wright,matthew60@example.net,"901 Carroll Islands Suite 277, South Alanton, MI 63442",2024-01-14
494,Kristin Ortiz,hillcheryl@example.com,"4723 Dylan River Apt. 310, Lake William, NV 76508",2023-02-21
495,Juan Perez,theresa05@example.net,"18718 Joel Islands Suite 616, Douglasmouth, PA 47724",2023-01-22
496,Jason Pearson,sdunlap@example.net,"2901 Lindsey Pass, Shelbyfurt, MP 76874",2023-01-01
497,Nicholas James,friedmansusan@example.org,"180 Hopkins Pike Suite 543, Rhondamouth, IA 47944",2025-04-10
498,Ethan Compton,seanrosario@example.com,"7937 Hall Views, New John, PW 53928",2024-05-29
499,Mary Jacobs,matthew11@example.com,"732 Smith Crest, Bakerside, VT 62086",2024-08-29
500,Beth Johnson,kjohnson@example.org,"5268 Jennifer Crest Suite 599, Lake Brandonstad, NV 54093",2023-06-07
