product_id,name,category,price,sku
1,Professor Listen,Books,8.25,SKU-000001
2,Sit They,Electronics,25.92,SKU-000002
3,Least Figure,Electronics,25.11,SKU-000003
4,Sometimes Me,Clothing,45.08,SKU-000004
5,Scene Center,Electronics,12.62,SKU-000005
6,Similar Cover,Home,13.2,SKU-000006
7,Shake Space,Home,2.48,SKU-000007
8,Perform Whom,Home,42.96,SKU-000008
9,Ten Write,Clothing,14.26,SKU-000009
10,Mr Because,Books,11.09,SKU-000010
11,Civil War,Toys,12.14,SKU-000011
12,Account Personal,Toys,32.4,SKU-000012
13,Personal Hope,Clothing,22.15,SKU-000013
14,Represent Range,Electronics,13.3,SKU-000014
15,Long Hundred,Electronics,12.43,SKU-000015
16,Full Leg,Electronics,42.86,SKU-000016
17,Control Movie,Clothing,8.87,SKU-000017
18,Seven Per,Toys,17.65,SKU-000018
19,Far You,Electronics,16.72,SKU-000019
20,Spring Bill,Clothing,27.43,SKU-000020
21,Each Finish,Home,185.42,SKU-000021
22,Minute Growth,Home,52.19,SKU-000022
23,Anything Organization,Beauty,23.92,SKU-000023
24,National Watch,Beauty,40.67,SKU-000024
25,Network Particularly,Electronics,8.96,SKU-000025
26,Movie Three,Home,5.66,SKU-000026
27,Without Last,Sports,6.84,SKU-000027
28,Feeling Future,Toys,9.93,SKU-000028
29,If From,Electronics,32.0,SKU-000029
30,Sometimes Could,Clothing,40.86,SKU-000030
31,Character Analysis,Sports,17.02,SKU-000031
32,Teach You,Electronics,12.2,SKU-000032
33,Simple Us,Sports,6.01,SKU-000033
34,Side Develop,Electronics,48.41,SKU-000034
35,Law Natural,Home,51.61,SKU-000035
36,Fall Paper,Clothing,9.79,SKU-000036
37,Until Power,Beauty,8.76,SKU-000037
38,Former Bit,Clothing,18.9,SKU-000038
39,Hand Feel,Sports,66.44,SKU-000039
40,Company By,Toys,26.33,SKU-000040
41,Field Eye,Toys,14.6,SKU-000041
42,Message Leg,Electronics,19.13,SKU-000042
43,Door Value,Electronics,6.46,SKU-000043
44,Condition Fight,Toys,46.25,SKU-000044
45,Wrong Whose,Beauty,13.1,SKU-000045
46,Event Police,Sports,6.07,SKU-000046
47,Some Born,Home,16.95,SKU-000047
48,Window Each,Electronics,14.27,SKU-000048
49,Reflect Family,Beauty,30.0,SKU-000049
50,Chance Big,Sports,50.73,SKU-000050
51,Design Old,Sports,60.19,SKU-000051
52,This Movie,Beauty,23.11,SKU-000052
53,Somebody Concern,Home,16.36,SKU-000053
54,Ahead Piece,Books,14.97,SKU-000054
55,Weight Among,Sports,2.4,SKU-000055
56,Vote Notice,Home,26.48,SKU-000056
57,Note Successful,Electronics,28.86,SKU-000057
58,Day According,Books,17.59,SKU-000058
59,Middle There,Toys,9.45,SKU-000059
60,Test Agree,Beauty,61.75,SKU-000060
61,Hope Democrat,Beauty,19.79,SKU-000061
62,Father Year,Home,5.27,SKU-000062
63,Yourself Own,Home,21.8,SKU-000063
64,Last Sign,Toys,14.21,SKU-000064
65,Light Near,Electronics,29.44,SKU-000065
66,Card Then,Home,16.33,SKU-000066
67,Long Find,Electronics,26.36,SKU-000067
68,Why Break,Home,19.97,SKU-000068
69,Sense Seat,Clothing,10.8,SKU-000069
70,Wide Through,Clothing,37.28,SKU-000070
71,Call Light,Books,61.82,SKU-000071
72,Visit Lay,Toys,61.18,SKU-000072
73,Minute Everyone,Electronics,13.53,SKU-000073
74,Before Treatment,Home,42.04,SKU-000074
75,Certain Family,Electronics,78.67,SKU-000075
76,Sign Relate,Electronics,40.4,SKU-000076
77,But Health,Toys,33.76,SKU-000077
78,Suggest Bar,Electronics,7.55,SKU-000078
79,Size Student,Clothing,33.0,SKU-000079
80,Doctor Short,Electronics,17.66,SKU-000080
81,Bad General,Books,15.1,SKU-000081
82,Close Movement,Clothing,31.34,SKU-000082
83,Government Fact,Sports,59.81,SKU-000083
84,Long Professor,Home,153.14,SKU-000084
85,Simply Must,Electronics,6.35,SKU-000085
86,Remember Standard,Books,52.07,SKU-000086
87,Back Seat,Clothing,32.92,SKU-000087
88,Rise Forward,Electronics,53.18,SKU-000088
89,Wait Window,Electronics,24.07,SKU-000089
90,American Lead,Electronics,39.56,SKU-000090
91,Black Work,Electronics,23.1,SKU-000091
92,Season Study,Clothing,7.59,SKU-000092
93,Near Friend,Clothing,36.15,SKU-000093
94,Customer Thought,Home,9.36,SKU-000094
95,Open Recent,Books,37.19,SKU-000095
96,Third Understand,Sports,55.41,SKU-000096
97,Produce Also,Clothing,10.03,SKU-000097
98,Protect Product,Books,22.57,SKU-000098
99,Across Else,Home,40.57,SKU-000099
100,Certain Peace,Clothing,16.58,SKU-000100
101,However Turn,Sports,179.03,SKU-000101
102,Yes Discussion,Toys,21.65,SKU-000102
103,Report Deal,Home,9.3,SKU-000103
104,Evidence Many,Electronics,43.89,SKU-000104
105,Civil Memory,Clothing,18.19,SKU-000105
106,Teach Culture,Beauty,36.32,SKU-000106
107,Similar Model,Beauty,13.99,SKU-000107
108,Fear Catch,Books,37.4,SKU-000108
109,Decide Prove,Sports,9.58,SKU-000109
110,Type Behavior,Toys,13.32,SKU-000110
111,Name Tough,Beauty,33.25,SKU-000111
112,Several So,Electronics,82.3,SKU-000112
113,Difficult About,Clothing,46.8,SKU-000113
114,Leader Audience,Sports,20.93,SKU-000114
115,Military Open,Clothing,9.33,SKU-000115
116,Popular Detail,Home,60.68,SKU-000116
117,See Could,Sports,25.62,SKU-000117
118,American Kid,Beauty,24.67,SKU-000118
119,Rise Everyone,Toys,63.43,SKU-000119
120,Positive Husband,Clothing,20.2,SKU-000120
121,Program Past,Clothing,24.19,SKU-000121
122,Easy Pull,Books,23.13,SKU-000122
123,Happy Member,Books,22.92,SKU-000123
124,Nice Realize,Electronics,10.13,SKU-000124
125,Couple Understand,Toys,4.8,SKU-000125
126,First Though,Clothing,26.73,SKU-000126
127,Each Type,Electronics,9.83,SKU-000127
128,Final Relate,Toys,15.37,SKU-000128
129,Memory Might,Sports,31.18,SKU-000129
130,Style Professor,Electronics,7.27,SKU-000130
131,Including Piece,Electronics,135.81,SKU-000131
132,Heavy Of,Clothing,87.77,SKU-000132
133,Medical Find,Clothing,20.33,SKU-000133
134,Big Discuss,Books,28.61,SKU-000134
135,Budget Upon,Sports,14.08,SKU-000135
136,Watch Someone,Electronics,5.28,SKU-000136
137,South Field,Electronics,10.83,SKU-000137
138,Kind Likely,Electronics,75.87,SKU-000138
139,Gas End,Electronics,25.9,SKU-000139
140,Recognize Large,Clothing,5.53,SKU-000140
141,Business Control,Clothing,27.16,SKU-000141
142,Majority From,Clothing,75.27,SKU-000142
143,Recent Build,Books,11.19,SKU-000143
144,Hand Same,Sports,7.21,SKU-000144
145,Information Sea,Electronics,16.61,SKU-000145
146,Career Staff,Electronics,89.8,SKU-000146
147,Us Member,Toys,7.13,SKU-000147
148,Though Support,Books,18.47,SKU-000148
149,Treat Middle,Books,69.02,SKU-000149
150,Plant Its,Electronics,57.89,SKU-000150
151,Right Easy,Books,21.05,SKU-000151
152,Air Fill,Sports,131.42,SKU-000152
153,Executive Movement,Clothing,17.08,SKU-000153
154,Dinner Voice,Clothing,21.09,SKU-000154
155,Today Stay,Beauty,4.4,SKU-000155
156,Issue Ask,Clothing,55.95,SKU-000156
157,Or Sport,Toys,34.8,SKU-000157
158,Future Every,Books,21.26,SKU-000158
159,Republican Friend,Beauty,13.61,SKU-000159
160,Its Include,Home,23.71,SKU-000160
161,Table Letter,Sports,12.21,SKU-000161
162,Large Inside,Clothing,15.11,SKU-000162
163,Ever While,Clothing,26.83,SKU-000163
164,Arm Executive,Sports,31.98,SKU-000164
165,Mention Should,Home,31.23,SKU-000165
166,Discuss Group,Sports,11.38,SKU-000166
167,Provide Tell,Beauty,4.81,SKU-000167
168,Answer Foot,Sports,7.57,SKU-000168
169,Line It,Books,69.57,SKU-000169
170,Do Page,Sports,14.13,SKU-000170
171,Type Compare,Electronics,20.28,SKU-000171
172,North Design,Sports,42.3,SKU-000172
173,State Process,Books,16.59,SKU-000173
174,Break Yourself,Electronics,39.77,SKU-000174
175,Positive Popular,Beauty,16.17,SKU-000175
176,Girl Carry,Beauty,12.3,SKU-000176
177,Point Notice,Beauty,92.75,SKU-000177
178,Again Seven,Toys,47.1,SKU-000178
179,Against Suffer,Home,52.66,SKU-000179
180,Hundred Believe,Sports,7.71,SKU-000180
181,Statement Sea,Sports,11.48,SKU-000181
182,Goal While,Toys,19.94,SKU-000182
183,Head Speak,Toys,15.69,SKU-000183
184,Space On,Electronics,38.21,SKU-000184
185,At Real,Electronics,32.82,SKU-000185
186,Appear Natural,Electronics,59.52,SKU-000186
187,Develop High,Electronics,14.2,SKU-000187
188,North Decide,Sports,23.64,SKU-000188
189,Close This,Clothing,50.58,SKU-000189
190,North Individual,Beauty,13.71,SKU-000190
191,Trade Serious,Beauty,11.81,SKU-000191
192,Drop Fill,Electronics,59.63,SKU-000192
193,Suddenly Color,Sports,3.94,SKU-000193
194,Whether Hour,Beauty,70.53,SKU-000194
195,Glass Job,Electronics,15.77,SKU-000195
196,Dinner On,Toys,20.01,SKU-000196
197,Significant Energy,Electronics,55.53,SKU-000197
198,Yard Add,Clothing,37.21,SKU-000198
199,Also Through,Beauty,6.32,SKU-000199
200,Again Someone,Sports,10.22,SKU-000200
