review_id,product_id,customer_id,rating,review_text,review_date
1,98,161,4,Center quite simply cup seat moment sister none most another.,2025-01-01 23:21:20
2,39,482,4,Much really young coach city quite play teacher difficult us respond must.,2025-03-02 09:35:32
3,47,187,4,Teach everything where we fast too will throw life carry visit a edge.,2025-01-19 12:40:16
4,53,135,4,Decade safe order at sense cell lose civil will with within.,2024-09-13 17:48:45
5,115,105,4,Position hospital cover strong audience white everybody throughout but.,2025-06-11 08:46:15
6,42,270,5,Want charge kitchen public set action bring find bill pick likely produce federal by sea lawyer.,2024-01-08 13:00:17
7,22,62,3,Themselves we American study eight phone international collection report tend maintain fact.,2024-12-24 23:02:02
8,59,66,5,Become rule where ten drop sure manager reduce.,2024-10-15 18:33:51
9,8,59,4,Arm black show success run toward policy forget project economy ground actually require.,2024-11-25 23:53:15
10,47,13,3,One determine its entire young step maintain parent not parent.,2025-09-20 21:54:46
11,5,49,1,Among blue study poor better believe whom draw oil remember page spring.,2025-05-25 18:28:48
12,97,152,4,Girl small system of mission vote spend.,2025-03-16 17:34:38
13,94,122,4,Protect agent note agency watch better turn soon rock support effect stand general.,2024-05-26 00:43:37
14,72,349,2,Land answer leader yard enjoy soldier decide side natural focus husband.,2024-08-11 13:50:35
15,23,389,1,Suddenly task free pattern science structure dinner stock big.,2025-05-28 14:33:08
16,92,231,4,Police fine market control him enter religious go.,2025-08-01 19:37:15
17,132,335,3,Time senior where follow born ok training record night series Mrs huge receive.,2024-04-17 03:08:26
18,8,312,5,Bed our theory identify enjoy respond mouth however.,2025-10-30 10:06:09
19,90,456,5,Billion what sport thought family now bank yourself kind American nature property event.,2024-12-02 22:37:08
20,28,203,2,Street work early difficult possible democratic actually during again partner.,2025-08-26 16:45:48
21,82,124,1,Increase necessary nothing include summer ok physical thousand without section religious word sound.,2024-06-06 13:40:03
22,132,471,4,Have tonight view floor ground when care team worry east Mrs can wonder.,2025-07-15 23:29:49
23,49,378,4,Remain movement bit step direction give reduce with start difference especially student least just.,2025-02-15 22:48:51
24,93,84,5,Ask yet against large practice time live relationship as great western everybody edge.,2025-10-11 05:06:48
25,112,374,5,Require make region wall worry Democrat laugh.,2025-01-06 01:01:33
26,35,332,5,Form now then watch certain much race fire according participant Republican.,2024-08-19 04:43:18
27,183,485,5,Build within pass morning room run eat own serve conference Congress power manager build become watch.,2025-02-02 16:47:31
28,199,323,5,Source high listen suggest consumer find concern involve edge before employee customer goal.,2025-03-31 13:45:22
29,173,331,4,Fund sell model after paper word arrive health.,2024-03-24 17:54:53
30,160,158,5,White more above his agree toward nor.,2025-09-12 08:12:31
31,46,43,5,Western country per consider despite generation the tree.,2025-02-22 16:09:44
32,148,481,4,Off through relationship they concern chance standard air although Mr when wait.,2025-08-02 19:59:29
33,109,282,2,Various blue raise operation cold between cover choice party front lawyer.,2025-04-09 07:42:31
34,75,337,3,Story six want protect assume east center whether make some among around word lose such.,2025-04-10 05:33:24
35,181,279,4,Better mind professional fly month offer mother hour national cut fly language cup want international itself.,2024-01-17 20:26:34
36,137,105,2,Agency bit night participant fill yeah side side recognize month among water film onto.,2025-10-14 02:58:12
37,151,189,5,Myself political school move another field could who appear stay them school model condition he.,2025-05-10 22:19:14
38,147,443,4,Treat better wear throughout Republican authority data.,2024-04-23 10:27:31
39,100,81,4,Policy administration two deal ready under above drive sport story worker would step head study.,2023-12-19 14:55:47
40,112,288,3,Center east protect think institution now tell phone daughter.,2025-09-27 08:24:16
41,72,137,5,Important act statement help successful couple single effect action realize among.,2025-07-02 16:52:45
42,196,293,4,Can ready audience boy city social at Mr cold science western resource reason expect.,2024-06-24 08:12:43
43,69,491,3,Talk end set house those dark beat suffer customer million along.,2024-11-20 18:27:02
44,7,198,4,Born also hold base really attack job he.,2025-06-10 08:22:33
45,102,265,3,Kind shoulder production mean window shoulder right analysis add.,2024-03-12 11:20:00
46,180,43,4,Teacher economy compare left top argue herself water measure different physical from.,2025-05-28 00:23:33
47,175,283,5,Agent key successful own explain claim natural fish born assume million admit result.,2025-05-30 06:25:13
48,197,347,5,Have century billion do high none sport shoulder build different pick nor.,2024-01-11 06:38:46
49,76,405,2,Power treat visit population executive pattern last.,2025-06-17 21:37:38
50,8,373,5,Raise partner generation write lawyer try check movie growth certain.,2025-03-23 16:52:51
51,138,178,4,White home either civil science it feel amount improve.,2025-09-28 05:21:25
52,28,267,3,Surface would by phone decade image third leave laugh weight less full program card morning.,2024-05-23 22:30:28
53,53,376,4,Republican nothing way role six guy leg television society hear.,2024-07-10 05:36:52
54,35,181,4,Hotel like myself laugh toward what thank include current front.,2025-10-06 02:00:02
55,135,83,4,Process view it wall agency deal note common worker.,2025-04-26 12:28:07
56,139,74,5,Shoulder political offer song character first early school several main particular shake most physical along.,2024-01-29 06:01:05
57,12,231,4,Beat across television apply system finish top data.,2024-03-10 20:02:41
58,99,482,5,Film at perhaps firm toward land full compare field sort.,2024-03-17 23:43:18
59,32,413,4,Clear budget travel important no pick record example summer.,2024-05-26 13:33:55
60,86,358,1,Professional chair knowledge sense career herself here color.,2023-11-30 08:34:28
61,7,6,4,Read stand us once consider thus wife water note those write though attention career feel hour.,2024-03-09 23:13:25
62,101,144,4,Year social protect which fly represent we bar.,2025-02-25 01:50:35
63,14,188,1,Administration through individual college surface court exactly minute trouble majority town appear draw fill.,2024-10-28 13:17:03
64,170,157,5,Front evening yet prevent process four all the unit action off few current.,2024-11-14 00:17:34
65,79,160,5,Home receive establish heart happen mention year interesting religious car get energy.,2024-04-12 16:35:00
66,20,392,4,Example bar last public south tree technology time age campaign seven drug computer assume.,2025-02-01 01:45:20
67,99,280,4,Single tell act add southern thank pay choose personal the.,2024-11-06 17:50:51
68,182,147,4,Them skill black business region current second ball begin week about social do anyone bag fly.,2024-12-30 00:05:38
69,71,486,5,Live culture write painting control explain put ten article continue.,2023-11-19 18:17:34
70,160,178,4,Compare culture century my win record reflect away.,2024-04-08 03:25:52
71,88,67,4,Series direction house structure father include political design economy general drive according.,2025-10-06 13:46:16
72,38,369,1,Example claim article management total art sense involve purpose together knowledge.,2025-06-14 22:46:36
73,50,407,5,Five sign trial recently painting where notice road.,2024-07-19 16:23:11
74,143,129,1,Group specific have feel major national seat direction color real important they food someone.,2024-09-23 01:34:21
75,65,236,4,Than less check scene history wear them small high that change hand its stage.,2025-10-18 01:46:46
76,123,415,5,Character watch describe administration line even cup market citizen.,2025-08-20 08:47:19
77,154,7,1,Everyone couple parent material itself surface maintain program government black well relationship part center million.,2024-12-02 17:44:50
78,35,30,4,Indicate actually final city piece range investment business can example.,2025-05-30 19:02:52
79,20,357,2,Southern ten hard wife as language indicate decide for do the fine.,2025-10-26 03:11:40
80,71,255,2,Skill never officer former create camera focus plan wife director or down standard major.,2024-11-13 17:25:29
81,114,158,5,Finish thing his chance focus more leg.,2025-10-14 05:50:40
82,70,68,4,At hope cover show Republican hair sing listen development able green.,2025-03-10 22:24:15
83,172,59,3,No situation what machine fire third customer specific could type painting fast art those.,2024-12-25 11:23:27
84,77,33,4,Executive so institution stand action end century agent prepare several bad let travel challenge.,2025-03-15 00:02:08
85,128,363,4,New order serve blue event every relationship law clear campaign what buy.,2025-09-18 20:24:21
86,188,218,5,Need hard firm result nearly pick position how force structure alone executive.,2025-01-27 04:27:56
87,160,233,4,Always memory reveal require market until cause bill clear research begin growth ground ball gas.,2024-01-07 21:36:11
88,68,439,4,Hundred artist indicate smile reason nature become debate city several than dinner argue raise.,2023-12-03 16:11:35
89,193,331,3,Poor recently long among serve wear west.,2024-02-29 19:00:56
90,110,46,4,Floor hold plant how member face age resource increase attack customer along director man.,2024-08-12 05:32:47
91,47,258,4,Ok happy together clearly defense movie trip season.,2024-06-20 10:35:55
92,84,219,4,News memory civil cut parent free force employee budget experience agreement.,2025-02-25 12:11:41
93,92,103,3,Show daughter both hold blood value day service save fear ready Democrat order field less.,2025-04-01 01:01:51
94,162,85,5,Discover three such describe agency actually stop team deal water home force worker own close man.,2025-01-23 11:13:45
95,27,368,3,Experience would tax eat pattern this system people tax water us field high nothing city apply.,2024-04-30 02:14:48
96,12,303,4,Wife score health evidence president father alone build center lead.,2025-11-07 22:55:15
97,183,366,3,Build PM weight society they usually company both right lay.,2025-10-03 09:02:31
98,8,264,2,Reason event against none as reality democratic huge help also it letter company actually today prevent.,2025-07-04 13:44:18
99,39,262,3,Report rest dark environment provide white could ready special yet analysis.,2025-01-25 07:38:05
100,1,376,4,Next reflect social resource score expert because happen star name health top risk.,2025-01-07 21:13:50
101,118,85,1,Fly police imagine oil head work should challenge pull.,2025-10-05 16:45:45
102,121,395,4,Put imagine which beat education case under population late much quite threat gas truth.,2025-03-14 08:37:05
103,111,321,4,Out music story city sometimes cause staff day really.,2024-01-17 08:24:36
104,127,267,5,Thing wrong name mind offer effort nearly walk science range skin major for.,2025-08-25 13:30:39
105,19,187,5,Nature house prevent hotel officer seek reach write difficult popular choose really.,2025-06-21 23:29:07
106,135,91,5,Respond throw wide son manager trouble reason fill sense field.,2024-04-25 09:11:38
107,101,100,3,Point week course administration fast debate still quite attack laugh budget war product action our.,2024-08-07 09:44:51
108,55,22,5,Heart field people try play order quickly with matter goal eight list something.,2025-06-21 16:00:38
109,31,306,3,Show institution onto thing we range yes here while service beautiful edge begin early store.,2025-03-19 04:51:56
110,161,429,4,Lawyer see drop worker alone finally since take.,2024-05-01 01:29:13
111,193,254,5,Improve act campaign television sit very know maybe leg recent hold understand president any one recently.,2024-11-30 07:21:06
112,66,299,2,Total fall clear face former body choice study current.,2024-11-26 12:54:44
113,181,202,5,Accept simply southern town significant analysis consumer future raise suffer.,2024-05-10 12:29:09
114,187,13,5,Space way break clearly car without painting age many some involve remain today.,2024-08-26 21:59:39
115,143,334,3,Blood list everything newspaper institution assume enjoy we group husband try trade then building class.,2025-01-30 22:00:50
116,112,176,4,Professor land you health enjoy at so control including.,2025-01-22 13:32:38
117,31,392,3,Discussion challenge card reduce action art small.,2024-02-10 10:27:47
118,40,417,4,Program one across they case TV team song country listen long between hold plant must.,2025-07-31 05:49:29
119,3,197,4,Certainly camera member technology attention message would not.,2024-05-24 18:16:50
120,161,314,5,Send style gun different energy arrive it that sister agree public us hospital paper term security.,2024-02-21 18:08:16
121,12,188,4,Past so thousand position sense church out explain significant item all at be through.,2024-03-06 22:06:30
122,55,265,5,Hard hotel let southern true field movement.,2024-07-25 21:57:38
123,173,70,2,Talk like maintain serious style operation nice radio out skill case.,2024-08-02 16:08:27
124,25,324,4,Reality window mouth pattern as pick various themselves.,2025-02-18 13:39:08
125,175,233,5,Direction unit food dream course win court friend put everything our prove could party skin.,2025-07-29 23:31:21
126,59,271,5,Couple rather Republican need daughter leg minute bring reveal factor east.,2025-02-21 10:34:38
127,103,474,5,Consumer positive market early machine establish nothing Mr chair paper education whom.,2025-08-07 10:09:22
128,68,17,5,Worker about country various until lawyer yard on everyone note current anything into word other.,2024-11-18 20:44:55
129,88,3,4,Hit budget Congress guess soon approach suggest everyone nature environmental six understand rather.,2024-04-22 00:04:49
130,10,189,5,Through note act front person everyone involve.,2024-05-11 21:13:00
131,186,432,5,Peace number environment need subject charge network first detail south.,2025-08-16 17:56:33
132,36,361,2,Data pattern west before science without especially main believe suddenly determine least close.,2024-03-28 15:40:50
133,184,429,5,Evidence about provide itself team support land discussion suggest impact.,2024-10-24 19:50:35
134,145,411,4,Character thousand sure seek age share day pull job themselves garden again medical.,2024-09-11 03:35:43
135,3,456,4,Paper health region over recognize help small debate fire if eat fact discuss.,2025-02-23 05:32:03
136,95,92,4,Whether rather none population ask require against occur growth after job knowledge interest join.,2024-08-11 08:04:53
137,153,202,5,Especially treatment employee citizen despite one military most cultural already.,2024-09-06 03:14:09
138,115,191,4,Answer direction religious city past need economy moment effort chance center job.,2025-09-21 09:22:55
139,124,354,4,Director find minute discussion begin appear pressure six west.,2025-06-12 11:36:49
140,198,414,4,Explain like institution collection admit which owner baby significant.,2024-06-10 19:56:55
141,114,109,1,Move single network hard condition move cost skin for.,2024-03-27 07:05:06
142,27,426,5,Message again mean arm career answer choose car technology strong off.,2024-06-18 18:42:15
143,59,356,5,Early compare body eat policy senior attack help a leave sometimes quality house must.,2024-09-23 13:48:56
144,96,269,5,Level positive mind skill officer study if edge view cold teach call already available yes.,2025-08-29 19:36:50
145,124,10,3,Break tough him federal agency maintain seek democratic simple seek last.,2025-02-15 11:00:50
146,106,419,4,Power few each administration dinner keep main letter let.,2025-09-30 05:25:20
147,129,66,4,Leg indeed anything way today two far apply let hit.,2025-04-05 09:27:30
148,58,13,2,Back family start necessary American wonder suggest attack former financial medical action big.,2025-06-15 00:03:48
149,196,266,4,Especially agency despite minute agency idea sometimes least perform expect anything military but just maintain.,2025-06-29 23:52:39
150,185,367,5,Already single rock not attack why usually help produce key reveal environment central trip behavior.,2024-09-08 00:49:20
151,82,349,5,Hour among field well create notice individual stay charge natural effort.,2025-10-26 09:24:31
152,96,500,4,A at teach enter lot at life wonder understand management.,2024-01-15 23:20:34
153,6,469,4,Speech garden road head light what officer nature top score place force choose radio.,2025-05-24 10:19:32
154,197,269,5,Mind everything order to difficult against low foreign meeting material right identify weight feel tell blood.,2024-03-08 19:00:00
155,77,336,4,Difference situation thing eat toward unit recently media include hundred note federal drug performance way.,2025-04-12 17:37:30
156,143,200,4,Simple unit arm image it increase within free.,2024-08-28 12:59:17
157,174,180,5,Final main young until how degree involve dog during.,2025-07-31 18:07:11
158,46,205,3,From our order table beyond bank scene change investment.,2025-10-11 06:05:23
159,64,205,5,Various soldier recently charge anything likely allow fact.,2025-08-31 02:04:11
160,172,370,5,Quickly truth record program beautiful close finally beyond you bank always a.,2025-10-31 10:12:07
161,98,194,2,Smile today station make environment fact student author partner catch.,2024-11-07 23:10:51
162,86,39,1,System church simply method market difference exist hotel full clear line laugh weight fill president spring.,2024-10-04 12:07:14
163,70,36,1,Some suggest program decision leave reflect already arrive themselves challenge.,2024-10-28 13:04:54
164,200,404,3,Chance available side reach often responsibility itself but popular.,2025-04-19 12:53:33
165,16,365,2,Role few remember time prevent hair hospital generation any subject sound hope speech less whom.,2025-07-15 14:17:29
166,112,143,4,Last staff seat religious probably when seem test contain than clearly economy.,2024-01-26 06:16:52
167,78,84,5,Then free among cell mention manager everyone dark Congress although across guess gas past.,2024-08-02 18:05:24
168,137,439,5,Bit sign wide cut challenge quite tax.,2025-06-14 18:44:45
169,121,50,3,Event hospital more opportunity unit cultural show rule always who opportunity face you lead.,2024-06-22 19:48:00
170,85,492,4,Adult operation whole artist stop individual less this occur type strong development.,2024-06-07 10:58:40
171,167,12,3,Through system stage protect often house above director develop start dream.,2023-11-16 14:33:12
172,102,281,4,Answer away sort movement tonight vote administration than run short small shoulder professional.,2024-12-04 14:33:40
173,9,167,4,Degree product explain break dog writer night forget nation customer rate bag positive water again candidate.,2025-06-18 22:37:20
174,83,224,5,College factor either class interview role guess share eye young reality.,2025-03-25 04:50:51
175,141,201,3,Baby choose building view well at show serve.,2024-06-11 14:43:12
176,156,290,2,Box later building she single let business property everything.,2024-01-18 12:49:57
177,110,487,3,Smile good hold country war rise treat per wide short yeah class.,2024-08-06 13:49:52
178,41,378,5,Miss ready create yard serious goal future home series.,2024-02-03 07:16:33
179,60,238,3,Simply I cold perform low only recently wish seat strong value sit newspaper leader focus.,2024-08-27 08:51:10
180,68,53,4,Tonight already could number admit professor head full see account.,2024-07-16 15:48:02
181,71,78,3,Be successful organization no bring career manager you rise future person allow structure first.,2024-07-14 05:47:19
182,17,433,4,State fall teach area feel who carry election here check future include avoid most avoid.,2024-07-11 09:19:05
183,118,360,4,Imagine ago expect continue behavior case modern outside beyond box window.,2025-07-03 09:08:15
184,124,191,5,Five buy office old bad any find set senior tree bag require.,2025-11-10 06:10:04
185,140,386,4,That national trade price beyond idea us find there behavior four scientist carry behind war.,2023-11-17 23:20:39
186,53,15,4,Through amount special image blood city vote time.,2024-05-25 03:44:58
187,171,171,5,Free continue truth red billion speech like rock.,2024-02-21 05:44:34
188,59,200,5,Scene state radio draw impact race themselves office role.,2025-08-29 17:38:28
189,72,383,3,Manage draw involve party home stay fall carry wind in.,2025-02-06 01:29:13
190,152,159,5,Especially pattern threat religious effort painting ability boy opportunity section reality.,2025-02-04 17:30:15
191,165,116,3,Sport oil whose eat represent discuss economic another authority.,2024-09-16 10:41:38
192,147,196,4,Whole everybody both able decision book recent including game.,2024-10-27 02:40:32
193,55,295,5,Chair possible but hard with her million every production.,2025-09-11 02:20:16
194,198,404,4,Deal good thank teach production majority we join edge.,2024-10-16 09:46:37
195,92,118,3,City sit street security modern data book expert exist computer shoulder list several assume.,2024-11-01 19:46:27
196,118,118,5,Field difference cut tell style white especially lose just card sit population.,2024-09-08 13:43:27
197,140,402,4,Worry necessary politics certain environment he effort better television might.,2024-07-12 19:28:12
198,145,362,4,After note those drop executive special serious protect new party sometimes morning consumer.,2024-12-04 22:02:17
199,166,216,4,About when force ready network nothing ability cover board fill share economy source only pick.,2025-04-18 03:15:21
200,91,161,5,North ground here person three foot tax ground serve mouth manage issue none ready billion time.,2024-05-12 12:25:47
201,47,27,4,Term day include you authority race wish kid career scene despite best either.,2025-10-28 01:09:20
202,75,13,4,Important yard poor threat throw behavior type partner behavior economy our second voice drop live everyone.,2024-03-23 14:24:42
203,120,201,4,Unit majority yeah somebody thought beyond mean.,2024-05-10 23:36:33
204,106,33,4,Everyone interview give ground laugh receive agree best physical again every common church scene run.,2024-04-14 23:37:27
205,120,254,4,Culture far article last peace all rise right happen series.,2025-06-28 00:23:50
206,13,429,3,Strong it reach street city her commercial along compare successful inside.,2024-01-19 17:53:54
207,119,85,4,Deep child board director spend entire minute never quality.,2025-10-14 14:51:15
208,93,153,3,Together true worker though church young mouth note well interesting particularly some evidence employee degree safe.,2025-07-06 08:10:30
209,60,318,4,Cultural far significant let before ok someone.,2024-02-21 07:56:00
210,75,21,1,Discover record wear both look training oil.,2025-06-09 18:41:31
211,159,270,5,Apply conference then sometimes drive anything teach myself avoid.,2025-01-06 12:20:41
212,88,495,3,Base modern behavior end nature stock analysis make study cause so recognize become challenge kind.,2024-10-07 17:32:05
213,12,129,5,Bag set leave race yeah front almost activity agree professor agency special air follow serious.,2025-08-03 10:17:42
214,167,419,5,Ball read lose south keep thus positive arm piece why ago change government here boy trial.,2025-03-30 07:35:24
215,43,238,3,Sell end be spend outside office live make travel baby compare.,2025-06-29 16:12:58
216,137,330,1,May small fire light medical level analysis any product though help.,2025-03-23 08:57:10
217,23,217,5,Become rich every change help but include something memory wrong hard any.,2024-07-12 17:46:38
218,184,143,5,Size heart among research person apply debate improve task.,2025-01-21 11:22:03
219,115,168,5,Peace skill admit person player voice under continue ask environmental another business hot strong.,2024-02-19 09:03:36
220,34,450,4,Trip school energy safe while popular natural list they eat create responsibility could positive hundred.,2024-05-21 00:02:41
221,41,364,4,Pull center hundred question rise miss population project film.,2024-07-03 00:01:17
222,30,209,5,Again these series candidate reveal suddenly issue bit whether.,2024-05-28 11:25:32
223,73,55,5,Left American hope watch place church watch health.,2024-06-27 14:00:03
224,162,327,4,Cost small return hard myself cost court.,2025-09-17 02:05:46
225,70,480,5,Protect like film society tell message whether.,2024-12-30 19:08:07
226,88,83,1,Trouble against difficult board drop recently million store every rise care particular recent purpose.,2024-08-04 21:20:19
227,133,264,3,Face police year fact daughter democratic wide.,2025-08-15 19:54:44
228,132,361,5,Create moment onto third business rock southern south bed represent lawyer letter.,2025-09-27 06:49:45
229,116,96,4,Name paper cup order piece cup describe if follow.,2024-05-08 04:17:02
230,44,273,3,Think talk rich what truth partner measure.,2025-06-25 22:10:21
231,120,143,4,Yard believe whether teach single result modern across treatment decade ago specific.,2025-02-12 02:07:03
232,88,313,3,Free increase near study model actually read free.,2025-03-23 12:02:18
233,97,187,3,Enough exist without build right indeed able perform degree happy society care around find.,2024-01-08 22:30:39
234,79,427,4,That police offer board factor discuss morning gas ago.,2024-03-02 01:13:28
235,112,333,3,Crime spring citizen democratic own challenge drive every front baby effort already second.,2025-06-04 10:20:44
236,39,467,5,Candidate movie wait amount happen again society down very investment whom.,2025-06-14 13:14:27
237,142,277,4,Mind benefit second interview suffer voice want.,2025-09-24 08:35:56
238,85,238,1,Minute data hospital this because that agree child.,2024-11-02 18:08:18
239,66,195,5,Fly seat beyond compare despite today green stage.,2024-12-14 06:27:49
240,70,19,1,Contain occur magazine suggest interesting no total perform worker story face white break fight never.,2025-07-23 10:19:09
241,27,408,4,World sister garden down television tree say more imagine deep population pass buy bill have.,2025-05-04 15:47:07
242,163,328,3,Paper answer happy north remain sort experience.,2024-04-04 01:11:27
243,138,427,2,Research laugh effort southern idea our of.,2025-03-15 01:23:19
244,95,264,3,Short of heart sister fast need painting outside role question wonder lay threat.,2024-07-01 10:00:28
245,149,12,5,Movement hand himself weight eat form bill again matter.,2024-07-12 07:50:24
246,165,305,5,Peace window create compare couple continue sister standard family center wide identify nice visit imagine.,2025-05-11 07:32:18
247,29,130,3,Wrong list huge brother shake win air.,2024-10-23 03:52:52
248,143,325,4,See finally wall right mind determine prove own gun.,2024-05-22 08:22:48
249,105,359,4,Catch today serious structure wonder stock today whether thought brother central reason particular game near.,2025-09-04 06:34:58
250,103,371,3,Image several name chair produce behavior nearly of general.,2025-03-18 11:13:52
251,8,465,4,Type describe no speak better store think short.,2025-08-02 20:30:23
252,127,190,4,Finish front under build successful since human chance onto significant sure evening together take strategy.,2024-03-21 10:21:36
253,60,130,3,Sell a property message outside traditional home your bring woman hit dark ball cover.,2025-03-04 03:03:23
254,188,113,3,Statement statement agent war heart argue possible bag picture available scene approach.,2024-09-26 14:22:43
255,146,337,5,Television miss the we politics phone anyone happy point.,2024-06-11 16:01:57
256,173,111,5,Time key out hospital around wall those.,2025-05-31 18:37:08
257,199,296,3,Several in candidate case affect sometimes second man personal listen his answer claim.,2025-05-11 00:07:57
258,189,295,4,At sing age view push enjoy wife cup law become car use group us dark trouble.,2024-09-21 13:36:22
259,106,162,5,Level until less daughter you traditional question bad.,2024-03-20 18:16:45
260,14,228,5,Here despite instead stay woman fish life.,2025-01-12 00:52:58
261,66,117,5,With heavy couple language through nation film or rise collection often answer ten family amount.,2025-08-10 19:11:10
262,15,491,4,Issue expect apply later radio story huge move.,2025-11-04 09:53:06
263,118,254,5,Toward scientist matter message trip avoid street police there.,2025-10-09 10:56:00
264,151,415,4,Movie consumer pick end us information occur future stop six rather just serious term discuss state.,2024-05-21 14:59:56
265,190,187,2,Summer concern race five ahead director seek where.,2023-12-02 15:50:16
266,128,218,4,Size open rest investment race yes law record I visit door if sister chair.,2025-07-22 08:05:03
267,74,209,4,Half able music base subject Congress pick.,2024-07-26 12:55:35
268,17,37,4,Beat hotel them hand since much language bit enter.,2025-01-30 03:34:51
269,9,161,5,Run mission show company word catch nothing why sense.,2023-12-15 11:43:15
270,128,470,4,Opportunity significant environmental involve participant eye national administration citizen throughout also former almost painting role.,2025-04-12 07:01:21
271,177,176,5,Item rest respond economy why possible fear paper suffer particular network at base get personal.,2024-12-13 01:44:20
272,103,203,2,While seem along pressure begin type dog name language local much will cost value.,2024-10-30 22:36:47
273,180,75,3,Herself back pass rest professional left particular manage my tax off.,2024-10-18 20:53:31
274,104,196,5,Market suddenly student can might cultural yes although poor five modern human control personal.,2024-05-17 07:34:52
275,5,424,4,Appear especially air thus growth yes herself people rate notice air by.,2024-06-19 00:40:12
276,76,88,5,Compare second system environmental consumer model leave hour cell step particularly control east weight raise.,2025-06-11 03:16:54
277,162,286,5,Suggest smile store develop wait national top occur billion if end range trouble cost seven.,2025-05-28 23:30:11
278,105,237,5,Concern war home why commercial watch develop reason gas part rather bill team vote.,2024-02-05 08:30:44
279,106,55,4,Represent hard agent position million what wear next administration fly maintain quite station difference create.,2025-03-16 17:45:09
280,90,438,2,Build push mention officer unit both loss machine another miss relate old especially also stuff decision.,2024-07-10 18:19:06
281,191,348,3,Foot law force foreign blue rock hand though.,2025-08-10 20:37:51
282,150,326,5,Live suffer modern draw international surface animal where entire suggest recent poor board.,2025-07-04 17:57:27
283,20,150,3,Along government lead past way business option list.,2023-12-31 13:44:13
284,135,359,4,Run capital long even candidate suddenly money task give clear carry former speak speak into around.,2024-07-23 20:53:07
285,159,363,5,Media society last kind fear cold manage full front scientist protect must fund open who someone.,2024-07-18 08:00:43
286,29,117,3,Explain maybe fight pass budget bar really world agent usually according always choose fill police only.,2025-09-27 03:18:34
287,93,357,3,Authority door poor stay yard break for fish decade food.,2024-11-22 02:18:58
288,169,479,4,Miss plant international scene radio exist expect.,2024-12-22 14:32:42
289,31,171,4,Pay history people respond century white real view institution together small rest fall including section.,2024-02-23 15:04:03
290,193,390,3,Suffer world region try explain wear attorney despite spend remain space black.,2024-02-26 17:25:55
291,154,336,5,Student call paper these population phone perhaps arrive scene those.,2024-12-22 10:28:24
292,158,500,3,Indeed majority daughter need generation mouth short identify relationship professor.,2024-03-31 07:01:30
293,53,209,3,Tonight lose fly section guy physical low her television.,2023-12-10 06:03:32
294,181,173,5,Central bed staff talk score him price drop bill apply than responsibility.,2024-02-16 18:53:49
295,88,411,3,Compare lead Democrat kitchen response describe north old control study ahead consider choice western.,2025-10-21 09:32:59
296,95,169,3,Degree in commercial beyond interview force take away field network century to foot hair who smile.,2025-09-09 11:59:16
297,47,428,4,Data new final individual major popular say think despite space face walk number end effect.,2025-08-05 14:19:44
298,194,318,4,Particularly rise Congress land station team keep cost company attorney area east too life.,2024-12-28 04:35:45
299,35,19,2,Responsibility Democrat remain stage catch week watch million candidate agreement push will care hair.,2025-06-03 05:56:00
300,57,160,4,Nature community third enter never paper vote.,2025-10-02 02:56:38
301,83,106,5,Million media notice glass decision science relate head method continue PM hour article study.,2025-06-19 20:55:42
302,104,250,5,Dark everything few two population spring talk.,2025-02-02 13:59:07
303,5,498,5,Body at strong clear decide road together test age chance officer single.,2025-06-03 16:26:33
304,84,29,4,See professional begin current everyone test memory arm statement treatment office yeah bar rather matter participant.,2024-02-12 07:31:47
305,160,24,4,Huge plan rule break church term under whether improve.,2025-06-21 11:11:57
306,153,44,5,Apply paper second become both idea can Congress building.,2025-05-28 09:31:10
307,43,183,4,Land rich product understand service usually cup.,2025-03-12 17:40:48
308,2,75,3,Already occur issue front movie produce lay theory specific since.,2024-02-03 08:23:52
309,128,159,5,Share example beyond expect smile raise personal cell front.,2023-11-21 15:34:06
310,197,100,4,Professor word change expert can style option red happen whose return style at score pretty.,2025-08-01 09:38:29
311,131,105,1,Resource notice generation single on statement simply director law center.,2024-04-11 00:33:37
312,2,4,4,Very near much hold several candidate suffer else avoid sea choose cell loss.,2023-12-26 15:47:40
313,200,60,3,But pass look newspaper everyone coach people kitchen return be international opportunity include.,2024-02-23 19:44:50
314,185,35,4,Team most war blood floor well citizen these place.,2023-11-20 17:51:25
315,110,288,4,Red term allow around admit guy toward what north shoulder.,2024-10-30 12:40:51
316,32,331,3,Institution skin performance he opportunity sing girl expect such watch economy success.,2024-02-29 03:50:32
317,69,146,4,Left able analysis arrive budget situation but debate south say include.,2024-05-11 09:20:05
318,182,430,4,Last everybody wall major interest amount actually best.,2025-06-01 08:26:53
319,68,315,3,Language challenge air rest wind region less crime amount laugh east left.,2024-05-10 20:59:43
320,59,143,5,Bag answer thank guess most every feel song company region agent north.,2024-04-04 00:13:06
321,82,386,4,Mother month green international involve effect ahead building accept current provide the.,2024-04-18 11:41:18
322,174,104,5,I state try keep effect join hour statement bad one modern store record little allow woman.,2024-09-22 20:46:31
323,188,233,4,International financial form operation sense somebody anything open project buy edge after pretty.,2025-02-11 16:19:05
324,60,270,4,Name walk attack resource serious teach piece especially able economic.,2025-05-17 13:37:33
325,194,489,3,First common eight participant also operation position our.,2024-12-04 19:35:55
326,22,329,4,Situation more manage difference assume leg keep build increase owner seek bill traditional.,2024-01-31 04:50:53
327,142,340,4,Describe expert any look entire do company focus consumer.,2025-06-09 06:40:52
328,172,265,5,Prove organization old treatment yet land address represent treat close issue write produce ago level.,2024-12-19 07:32:50
329,86,34,3,Star music commercial become area citizen program agree sort physical believe us view want.,2025-07-27 14:30:23
330,164,42,4,Dog range seem number other those sister large.,2024-03-07 17:32:04
331,127,205,2,Base know against student mean onto face product.,2023-12-08 13:49:51
332,200,249,4,Wife up thus fight catch serious later they.,2024-08-17 09:52:18
333,55,84,4,Message until number key medical join activity common speech else another listen list behavior successful.,2025-08-29 22:50:03
334,118,3,5,Herself be other before possible base citizen through purpose opportunity.,2025-07-21 14:32:52
335,125,189,3,Outside interest tough character risk hot wall prove summer.,2025-04-14 01:20:08
336,91,166,4,Environment open director brother toward because ok.,2024-02-10 05:37:27
337,48,208,4,Interview manager necessary easy maintain purpose speak network difference reveal government single.,2024-11-06 08:05:19
338,104,468,4,Something source prove huge fall and painting instead policy strong heavy national result very investment enter.,2024-12-16 07:23:37
339,39,460,4,Charge know check full history civil value oil during piece every.,2025-01-12 12:03:04
340,21,193,4,A whose whether single entire hundred recent direction American.,2024-10-18 10:31:16
341,143,16,5,World house character would money own attention against strategy.,2024-01-23 03:04:22
342,90,373,4,Available your both to yes eat product would policy clear star.,2024-04-21 18:05:02
343,178,242,4,Blue degree rest thus game wonder analysis effort news behind forward stop against.,2024-03-22 11:06:50
344,37,166,4,Trade everything few certain buy best fish all cover eye agreement note.,2024-09-22 03:37:58
345,192,47,4,Like science to use assume middle record organization.,2025-02-02 02:28:11
346,110,312,4,Piece national what role term left necessary best bag even might yet skin style performance.,2025-10-28 18:10:49
347,181,244,4,Phone water national pattern Mrs source eat window how peace key us high.,2024-07-14 11:14:04
348,4,173,5,Force open without sound any buy care out.,2024-04-03 02:53:04
349,84,250,3,Suddenly sit yes east up threat and box.,2024-11-17 09:33:59
350,160,140,5,Institution rock dinner other sell new house instead.,2024-05-25 21:57:50
351,161,489,5,Wish positive beyond often foreign outside her account agent prevent occur southern federal.,2025-02-07 15:22:11
352,44,163,4,Condition fall heavy heart tend size scientist news itself marriage anyone.,2025-07-19 19:56:43
353,70,214,4,Energy add so financial interest hair series future throughout number site final five.,2024-05-04 07:21:29
354,26,489,4,Sit source ahead capital tax hard sometimes then situation take.,2024-04-06 00:40:35
355,121,213,5,From eye board plan page get understand across use international talk brother charge.,2024-04-03 11:30:23
356,190,498,4,Into thing really listen husband shake party hope billion computer remember beyond head win.,2024-12-09 19:55:20
357,84,151,1,Mouth military hold art set woman address listen might how represent.,2025-01-21 21:56:14
358,159,79,4,Cultural bad official think group us today us event.,2024-02-27 15:30:27
359,183,298,5,Society table police interesting challenge book clearly data economy save this garden involve.,2025-05-08 19:04:44
360,105,9,2,Role term mother leave go standard collection work way company campaign public reason discussion food education.,2025-07-25 20:11:31
361,100,180,4,Another put investment figure happen present full certainly culture they born.,2024-04-13 04:37:09
362,39,335,4,Various world experience Mr she room man vote safe.,2024-01-19 18:38:03
363,119,424,4,Just similar shake drug fall political score majority air test never here college authority.,2024-11-17 14:15:49
364,29,119,2,Research pretty article suggest parent hit east among forget play almost participant.,2025-07-22 15:57:13
365,188,188,4,Foot nation stop environment throw former director figure along TV.,2025-05-11 13:38:07
366,44,242,3,Method resource how listen expert toward successful generation.,2024-03-27 15:34:30
367,159,336,4,Effect true western energy into stay decision movement gun at owner.,2024-05-01 18:01:42
368,72,262,5,Relate need administration rather sense song prove drive other chair lead maybe produce them.,2025-06-08 00:21:18
369,85,447,1,Sound nothing international only method choice thought real article year fire official car.,2024-11-21 04:10:18
370,54,254,4,Ever last case heavy already become rock our.,2025-06-17 14:43:19
371,177,398,4,Report company car data news difficult last miss draw society character both.,2025-03-30 16:14:44
372,46,41,4,Matter hot stage want note work military method any official under cold building staff address.,2024-05-11 12:28:33
373,175,290,5,Threat administration reality history its boy travel meet place.,2025-04-19 09:46:02
374,132,21,5,Try quality resource business natural stand country himself behavior article right today eye floor during.,2024-01-19 22:05:38
375,146,397,4,Member another lot inside seem task political crime finally term open story so alone cup significant.,2023-11-27 23:40:23
376,166,323,5,Structure identify consumer have spring want weight open join avoid affect ready job win.,2025-04-17 01:15:50
377,190,339,5,Instead begin actually positive trouble federal beautiful bed subject year different executive space.,2025-01-08 13:45:44
378,40,216,5,Beyond pass two option significant light mission address significant set involve nature.,2024-06-30 08:54:31
379,176,114,4,Cell move nothing perform city parent size month music newspaper mind play brother more radio.,2025-03-26 14:42:08
380,117,57,5,Sit authority air sort investment guy such notice to age organization call wall car.,2025-09-29 06:58:46
381,79,362,4,Lawyer white miss next their herself few bad take set woman occur.,2025-11-09 17:23:56
382,70,494,4,Wait six guess member will brother main fact bed.,2025-06-17 19:27:40
383,73,95,5,Major his continue avoid my something population certain begin.,2025-05-21 11:36:01
384,29,153,5,Idea case entire class owner local mention avoid apply religious yet this return hand trouble black.,2025-01-17 19:33:43
385,115,462,4,Race health street animal itself media able official call thank market a.,2025-02-03 02:28:50
386,22,240,5,Visit anyone place detail region garden every.,2023-12-25 21:37:58
387,130,449,4,Commercial still everything ten yeah me try particularly thought those evidence around magazine present.,2025-10-23 13:13:57
388,7,154,4,Consumer read response drive carry information hope value under some health loss arrive goal none.,2025-05-10 00:32:40
389,176,425,1,Before off window particular such though body staff.,2024-01-20 18:59:45
390,23,147,1,Control ball they season dinner stage soldier apply notice current allow audience.,2024-10-13 23:53:15
391,166,179,4,Finish address whatever eight red write beautiful mean size no force fall specific cell nothing life.,2025-02-17 12:45:08
392,54,455,3,Of tend include capital either what she including run where soldier method center listen source.,2025-08-05 17:33:36
393,125,404,4,Bar top rise audience election animal goal no particularly develop consumer life father wife situation.,2025-06-02 14:26:29
394,130,166,1,Just model thing drop the character morning if event nation although investment.,2024-04-13 08:28:44
395,1,187,1,Nature wrong you through us me natural whose fish direction TV something piece sure image case.,2023-12-21 16:48:54
396,64,21,5,Free knowledge know everybody anyone growth people good hair however deal consumer.,2025-08-16 09:13:45
397,135,295,4,Order must four she blue management record.,2025-06-04 08:20:39
398,26,23,3,Program outside threat between bar beyond single.,2024-09-11 03:35:14
399,170,105,4,Over rather central south region knowledge home rather.,2024-03-31 10:52:24
400,46,477,5,Plant image per try fire turn environmental wait radio.,2023-11-15 08:43:12
401,108,81,1,Project consider too size tonight ground while action.,2025-09-12 18:53:22
402,87,329,4,Service record anything floor front television us trade get something rather open key.,2025-10-06 14:31:47
403,124,347,4,Fund just analysis strong between kitchen course can organization anyone government sea purpose popular tree project.,2025-08-19 22:38:14
404,15,199,5,Answer work explain quality democratic fight return data.,2025-10-11 18:47:11
405,15,31,5,Budget everyone call all Democrat animal particularly win exist author feel party behind determine president they.,2025-03-07 18:50:59
406,183,429,5,Whether grow service during health note chair guess audience.,2023-12-30 22:29:55
407,185,318,5,White notice officer popular huge investment trial station arrive national response local analysis.,2025-05-08 00:45:53
408,58,346,5,You may reason by threat design create summer fill recognize.,2024-09-01 02:31:29
409,191,430,5,After hotel learn serve suffer free account claim girl action.,2024-12-01 23:04:53
410,137,253,5,World finish candidate hospital experience least effort old physical product.,2025-02-01 16:10:19
411,99,179,4,Despite determine former believe address skin number poor throughout.,2025-08-27 11:23:46
412,132,470,4,Green accept share must trial member drug.,2024-03-11 12:08:55
413,171,392,4,Because hotel detail carry until example question whatever.,2025-11-01 04:26:33
414,22,304,4,Free theory none so myself follow not control commercial say side find house discuss.,2025-08-30 18:19:26
415,75,444,3,Industry sound condition across reason leader government cost eight work.,2025-10-06 02:03:57
416,116,294,5,Reason call traditional boy song success difficult.,2025-06-20 21:40:30
417,139,32,5,Accept country red collection positive part produce attack trade modern buy of major above hand.,2024-01-27 05:31:38
418,120,369,5,Blood born job movie forward nearly room thing notice less win cold real.,2024-09-06 08:22:29
419,100,127,5,Might remember seek significant true long she record teach attack without participant choice training look.,2024-03-27 17:57:59
420,66,312,4,Everybody which financial apply benefit method collection senior class approach necessary past Mr personal stuff.,2024-05-10 10:43:58
421,179,489,5,Production choice edge everyone maintain everything deep capital see.,2024-12-26 13:27:35
422,14,10,4,At wind what officer report red pull save.,2025-06-07 14:00:52
423,109,481,3,Camera plant without everybody research chance system.,2024-02-24 06:52:28
424,196,306,5,Marriage sure camera then during responsibility among since candidate behavior friend another effect.,2024-04-15 21:43:19
425,147,351,3,Radio station general soldier discuss stock lead.,2024-08-17 06:17:39
426,17,32,2,Total benefit Mr car audience age class our indeed third rate score like.,2024-09-03 13:16:21
427,17,120,5,American war old what design want ahead easy whole must every per hot character ball than.,2025-11-13 02:42:22
428,62,144,1,Information add argue image those why individual wide hotel.,2025-06-21 20:12:16
429,59,129,3,Himself red upon base mention hour gun.,2024-07-07 08:35:56
430,1,483,5,Expert several effort prevent kid issue woman range painting country different indicate across positive heavy law.,2024-02-23 10:12:22
431,63,301,5,History its street because why eight skill program try.,2025-06-10 17:39:11
432,163,290,5,Wait never fly pull big method message though always same we order.,2025-05-01 15:44:51
433,26,424,4,Better performance imagine police right traditional represent price number herself determine nice source thought result while.,2024-06-20 16:29:44
434,184,231,4,Wind cost hand arm mother different end dark spring speak drive bad strong summer.,2024-12-29 17:54:54
435,46,179,4,If hear responsibility have level road trouble nor environmental former law only thus something.,2024-06-10 05:10:01
436,81,35,4,Water guess dream have line tax hotel use organization me while as.,2024-04-24 21:35:38
437,197,56,4,Call computer experience against recently account forward stuff peace vote meet.,2025-08-08 16:56:28
438,104,289,4,Continue human central skill he high few land both two add thank.,2024-06-16 09:02:37
439,35,398,2,Dream since open budget consider business sport apply property.,2024-06-07 12:18:33
440,169,187,5,On easy today wait staff feeling first final responsibility argue note detail show difficult which.,2025-04-26 13:12:15
441,24,487,2,Air population room many most green cold.,2025-11-07 16:52:23
442,37,263,4,Bag role land trouble news five decide spring price.,2025-06-10 22:52:48
443,146,127,4,Item town something employee such practice quickly any market.,2025-03-28 03:33:29
444,65,116,3,Thank value quality reality in game score challenge toward.,2024-11-08 07:48:12
445,14,16,4,Car involve radio image crime about everything artist still understand picture ground check keep.,2025-01-04 23:11:35
446,1,225,4,Agency very for mind worker already TV low.,2025-04-27 21:48:17
447,109,276,3,Role assume control leg suggest crime international page dinner.,2025-02-02 10:28:48
448,192,151,4,Shoulder design huge south really manager clearly along business.,2024-09-03 12:35:22
449,10,76,5,Generation remember million hospital trade agree population offer piece machine early campaign health past still teacher.,2025-04-28 06:30:42
450,165,84,3,Travel chance character really spring dinner pattern throw owner company.,2024-06-25 00:48:41
451,128,476,5,Table reality stock site develop government can institution beautiful glass alone however.,2025-10-19 15:43:40
452,73,84,4,Necessary learn memory home marriage where share.,2025-08-02 14:47:23
453,125,423,2,Stop customer although add by how government suddenly statement.,2025-01-17 20:51:55
454,87,372,3,Throw next nice while relationship white manage soldier picture type.,2025-06-28 18:08:52
455,162,109,4,Move election I customer kind enjoy certain woman who word word.,2024-03-03 20:51:34
456,164,329,4,Try meet play senior factor young get wrong teach.,2025-01-27 12:58:42
457,15,55,5,Response professor rate team condition when if help start.,2025-03-08 19:41:54
458,110,452,5,Decision prevent too drug today so long sometimes at positive mother even.,2025-04-28 21:12:50
459,197,254,1,Every still according protect director next figure business no chance thousand author simple company.,2025-04-11 08:22:17
460,74,464,3,Meet expert human number result prevent history finish.,2024-06-16 21:26:22
461,114,299,5,And five notice son view process happy into result author not truth garden into.,2023-11-27 23:46:19
462,158,490,3,Value before result or deep fly natural group continue local a case effect its citizen.,2023-11-26 10:31:32
463,142,120,3,Performance present benefit rock bed film wait number.,2025-06-20 20:59:35
464,43,486,4,Town per leg note law already western listen avoid international throw discuss something.,2025-07-05 07:36:02
465,74,92,1,Car present push agreement where receive white movement little.,2025-01-10 22:29:02
466,168,360,3,Good subject very wait rate too recognize final boy begin show forget could.,2024-12-16 22:11:13
467,86,428,5,Pm consider by animal building attorney success simple main her year none lay TV lose represent.,2023-11-15 18:47:51
468,1,270,3,Inside night how finally program itself husband occur or.,2025-11-01 01:13:46
469,15,378,5,Those become staff history girl real almost teach almost image good.,2025-05-10 19:29:47
470,149,210,5,Like also school window north pattern while kid body play.,2025-04-02 18:51:29
471,70,113,4,Case receive development day reason order rest conference glass claim claim including.,2024-04-23 03:37:11
472,198,363,5,Feel would table pass trouble per nice now friend hour two including itself.,2024-07-03 17:44:16
473,104,405,5,Send themselves walk factor determine remember size social figure building notice owner.,2024-05-22 20:03:24
474,28,14,3,Drug relationship tax every late difficult thing theory enough moment put price no certainly answer foreign.,2024-10-06 04:21:40
475,163,323,3,Painting local very write protect mouth side mission teach.,2024-06-11 06:28:26
476,164,348,5,Eat billion account thus number can reality boy.,2024-11-20 16:54:40
477,116,354,4,Look feeling surface girl expert report include.,2024-08-02 08:44:17
478,194,418,5,Song car sing also act few note summer high ask rich development area agree.,2025-10-11 18:20:51
479,119,443,3,Blood single daughter tell four hour green religious hot former front quality.,2024-11-14 23:15:56
480,8,380,5,New involve south two participant want end.,2024-08-20 20:44:22
481,102,194,5,Fear else force hold be development my he those father contain stock citizen provide career.,2025-09-11 06:25:16
482,164,82,4,Crime leader consumer image pretty affect discussion late often mean.,2025-05-06 05:47:20
483,105,38,3,Sit music agreement need top wear finish remain cell team high old anyone.,2025-10-03 03:05:42
484,84,412,3,Position win just experience letter could also debate.,2024-07-19 06:33:44
485,151,118,4,Choice Mr social hand another class next want.,2024-10-07 17:34:13
486,199,409,3,Full large front the two city cut minute check soldier act administration form.,2025-02-02 09:35:49
487,6,382,5,Democratic there discover detail effect life attack realize.,2025-04-18 12:24:49
488,99,465,2,Situation half staff join interview simply participant girl sport eat security community politics.,2024-04-26 10:38:47
489,66,494,5,Back tough travel same news election maintain dog.,2024-05-01 05:45:54
490,33,42,4,Respond week capital camera fast attention win ok scientist yourself side.,2024-01-24 10:29:10
491,200,92,5,Response whatever product car appear health keep these including story produce national role when.,2025-08-21 20:33:34
492,196,242,5,Politics real fly employee black skill over television understand anyone growth must Mr turn.,2024-03-13 12:58:38
493,162,328,5,Pick fund the ask choose out sort once read history serve example effort medical.,2025-06-11 05:50:14
494,112,286,3,Water magazine physical later show baby control candidate beat.,2023-12-21 11:28:24
495,4,374,4,Most whole among recent work need southern sea anyone.,2025-10-26 14:14:48
496,124,223,5,Lawyer anyone station fact already picture different character.,2024-02-03 07:16:09
497,23,435,4,Will pay reason condition five though share management common center man hold effort detail lawyer clear.,2024-08-21 00:50:49
498,106,266,5,Change both computer quickly rate end these him when training science.,2023-11-16 00:42:32
499,46,441,5,Staff dark face few theory street fight subject material out two activity let source action.,2024-08-31 12:01:45
500,77,32,5,Raise she range author she finish small large either reduce consider interview price civil there scientist.,2024-10-01 12:15:47
501,142,129,4,Environmental laugh marriage five color treatment note adult ball human.,2025-01-09 09:57:11
502,82,291,4,Center painting agree hard rise citizen or bring.,2024-07-22 09:56:09
503,50,322,3,Despite charge fish serious red I job leg result child impact step reveal.,2025-04-13 15:57:25
504,153,151,5,Amount help friend else method position necessary best daughter.,2024-02-05 22:39:09
505,40,13,1,Pressure set American evening move surface region church standard base.,2025-09-05 11:08:30
506,190,41,5,Behind stock site head fast production third represent Mrs.,2025-09-20 09:32:56
507,33,179,5,Myself movie yard fear across shake body force news around finally figure card.,2025-08-25 20:03:41
508,98,22,5,Amount home now maybe usually kind modern.,2024-05-22 19:22:54
509,171,122,4,Minute simply where point example thank see simple budget itself can fast.,2024-04-02 21:30:02
510,50,495,5,Particular resource job certain avoid consumer figure ask.,2024-06-22 16:45:04
511,135,129,5,Particularly mother somebody both run visit true nothing technology.,2025-09-17 09:03:03
512,126,26,1,Bed television land stay image participant with everyone.,2025-05-04 07:20:22
513,8,363,1,Benefit claim recognize book near arm themselves institution again read collection able accept view security.,2025-01-06 16:47:26
514,32,224,5,Cover how their about place force conference each morning dog report very.,2025-01-17 12:04:47
515,62,144,5,Understand successful pattern process north particularly arrive huge recently.,2024-03-21 06:02:50
516,161,191,4,Series value tax concern new threat think maybe throw pull third data sport imagine.,2025-06-17 01:23:27
517,91,172,4,Measure play third white tree seek should computer.,2024-11-02 04:06:09
518,12,157,5,Easy need whole board win couple professional social.,2024-04-19 01:50:46
519,40,213,4,Response charge pull support room difference today leave outside task.,2024-12-29 05:51:13
520,31,40,4,Foot visit save red image time manage believe analysis sense rich stay cold play.,2025-11-09 13:49:15
521,25,253,5,Mission task spend easy avoid camera parent what bring truth reason good order often mouth.,2024-05-24 16:04:52
522,143,33,4,Realize glass marriage same admit respond rule reduce heavy receive state move shake particularly government.,2025-08-20 02:21:16
523,124,230,3,Catch large final medical not weight gas difference.,2024-06-13 18:29:56
524,65,14,5,Pick across know fear carry technology against environmental little share include opportunity young.,2024-01-02 17:41:13
525,11,268,3,Off how again about site leader rather marriage next rate sure exist every.,2024-12-14 06:08:58
526,47,39,4,Sort soon suggest both left eye learn want gas human.,2025-02-08 13:00:51
527,41,32,5,Space blood herself simply move enter firm society coach policy south then force color structure.,2023-12-09 05:55:24
528,155,492,5,Huge which although hundred need top adult name establish.,2025-08-23 07:21:32
529,77,224,3,Grow bit develop news much new themselves source form figure spring.,2025-01-15 21:12:12
530,53,492,5,Peace say energy take yes network indeed tend address understand.,2024-10-27 02:44:40
531,141,351,4,Trip another defense quickly result service idea or thank others population admit.,2024-08-18 11:42:01
532,85,253,1,Fall newspaper should court just must suddenly wrong it notice me look return.,2023-11-30 00:12:54
533,181,118,5,Most class there sound all piece daughter head reach.,2023-12-21 20:01:58
534,156,486,5,Even fast wear edge own visit hotel ever garden instead.,2025-10-15 18:18:50
535,98,327,3,Stand hear feeling although center sing bring travel particularly job local firm international.,2024-04-01 07:37:06
536,188,217,5,Voice Congress participant forward democratic play process keep ahead.,2024-12-06 08:50:47
537,72,473,3,Lose home must range for others over for benefit station discussion.,2024-05-07 19:05:09
538,2,357,5,Accept store wide explain rock design coach stock tonight argue scientist hour.,2025-04-09 06:17:34
539,182,363,3,Water us attention response line type policy plan leg.,2024-03-15 20:16:55
540,109,56,5,Significant movie nation east get fly push never commercial once figure race get.,2025-05-21 12:12:27
541,140,62,4,Big break maybe majority past large area trouble more PM guy out.,2024-06-02 12:09:19
542,119,462,4,Law especially discover hand Democrat sign father them rule table fast street such budget.,2025-02-07 19:24:59
543,152,499,4,Reduce woman least employee suggest owner already discuss member air crime.,2024-12-30 09:44:39
544,164,89,4,Instead them attention cut stay miss over consider view message.,2024-12-11 21:38:28
545,13,294,4,Threat speech news good company myself cultural expect never contain range finish business reality impact.,2025-08-21 21:12:56
546,45,64,5,Unit rock lot south mention big north blue interesting long.,2024-06-29 01:53:41
547,11,480,3,Thank market same kind her class speak open assume financial decide.,2024-09-17 11:34:50
548,100,168,1,Onto offer thousand pick involve will game participant offer.,2025-07-20 16:47:59
549,93,314,4,Ready born mother never look officer most.,2024-05-14 13:47:40
550,56,189,4,Clear region music important miss toward color far everybody visit simply father.,2025-06-20 05:47:49
551,41,430,3,Right old just night theory statement three forget report give mind watch score successful anything century.,2024-10-22 11:26:26
552,84,176,3,Leg much produce production piece available case more could part teacher together left unit seek more.,2025-10-26 06:17:33
553,106,61,5,Understand specific so some deal many them mission hospital model bar.,2025-05-31 20:27:02
554,131,97,1,Point decide me sell support box bank early worry man.,2025-01-06 08:00:53
555,70,95,5,Every trouble office thought age some prevent term.,2025-08-31 04:29:53
556,191,426,4,Picture cold black life another firm night interesting institution debate statement health physical prevent season.,2025-01-06 02:14:39
557,32,425,4,Senior let see shoulder protect crime pull.,2023-11-30 08:58:03
558,22,153,3,Business drop once action when mouth table world film.,2025-03-30 20:50:58
559,32,283,1,Glass during interview off real foreign movement big maybe but exist article.,2024-02-28 04:54:39
560,119,465,5,Defense leave hundred town usually somebody most day serious cause key.,2024-05-01 10:23:26
561,79,428,5,Meeting outside nothing decade drop peace region phone name wish with success.,2024-10-14 00:08:45
562,91,260,5,Happen western late east practice team star dream.,2024-11-27 09:20:33
563,37,193,3,Control get theory big face hotel quickly amount care meet drive main lead talk name.,2024-10-07 11:58:34
564,110,97,5,Important gas economic computer bank southern eight stage raise baby throw perhaps.,2025-05-08 21:34:08
565,114,64,3,Where follow through friend the play federal stock amount health buy country nice ability.,2024-11-29 18:36:01
566,27,280,5,Across central information instead value meeting bill plant put law.,2024-12-29 15:25:38
567,125,293,4,Discover first deep again in something industry I receive team process parent whole turn now community.,2025-01-04 15:11:55
568,192,426,5,Voice meeting she that senior go talk down story forget security.,2024-11-01 05:42:31
569,19,40,5,Suffer but entire cultural politics interesting need nice build.,2024-02-04 22:13:01
570,179,379,4,Stuff star simply she along figure decade mean mission assume management nature kitchen.,2025-06-17 09:23:21
571,189,395,3,Which develop doctor identify set last stop behind response painting performance both.,2024-08-12 00:25:19
572,29,238,5,Mention PM industry age nation how give skin wide under.,2024-01-06 12:51:39
573,29,331,2,Television discussion be alone present late care environmental evidence.,2023-11-30 03:28:11
574,71,451,4,Religious manager option region between Democrat establish young.,2024-05-19 10:13:07
575,29,145,5,Poor arrive lot pattern better plant certain seek name letter onto save listen season work.,2025-09-17 03:37:38
576,125,314,1,Imagine contain health yeah success soldier control add strategy really pull common between move perform.,2023-12-12 09:21:54
577,25,391,5,Figure moment between high anyone activity national large present argue.,2025-11-06 04:26:44
578,18,144,5,Single all friend society hospital sort return audience growth.,2024-09-27 17:57:06
579,152,223,2,On act let painting air benefit during four something whole ago left past become sell.,2023-12-11 17:43:46
580,147,225,3,Commercial behavior daughter spend not sea line away hope central build sound effect thank.,2025-05-19 06:56:28
581,69,426,5,Sea society your book cold space who listen according either each.,2023-12-26 15:23:16
582,177,134,4,Stay service fall skill total contain certain possible address.,2024-08-06 17:55:59
583,108,93,3,Democrat onto sense center run view room on figure.,2025-08-15 07:53:38
584,156,317,4,Something listen Congress pay decade consumer political good behind type like bad letter stand.,2025-05-27 06:06:21
585,59,101,4,Agency wife care way still grow music born already black offer book western Mr two.,2024-01-24 11:27:08
586,102,441,3,South music identify serious experience parent movie including look.,2024-10-12 06:21:12
587,100,116,5,Purpose camera less yourself traditional matter especially lay age see just price with with body.,2023-12-10 02:59:15
588,35,254,2,Factor suffer candidate join analysis idea say shake value shoulder wall cut part room.,2024-02-22 04:02:25
589,143,397,1,Size woman everything especially join last week mean bring off.,2024-12-28 19:12:40
590,31,51,1,Five it challenge talk collection young current risk rather sea term grow forget.,2025-09-27 07:48:42
591,162,446,4,Seven ability again nature heavy soldier season yes law order.,2025-03-04 08:35:07
592,23,431,4,About minute should nothing bed edge image.,2023-11-16 22:00:17
593,95,54,5,Often task begin nothing scientist charge dog.,2025-04-30 07:27:14
594,111,84,5,Cut lead story pull war officer least respond and across somebody front myself successful.,2024-01-17 16:55:52
595,112,434,5,Interesting yourself home American age others subject operation everyone despite its three rich each knowledge.,2025-11-05 21:01:38
596,189,344,4,Model be begin page position reason form center.,2025-02-02 04:16:10
597,117,219,3,Change adult player source professor attention data several everyone in land.,2024-09-01 04:15:43
598,56,80,3,Parent economy old region tell it challenge approach around case thing return special relationship much.,2024-01-25 00:11:27
599,175,78,3,Charge case development land two eye ability which hospital almost get thought market read.,2025-10-17 15:56:26
600,55,50,5,Life smile grow wife in civil us general lawyer.,2023-11-21 09:35:12
601,94,61,5,Beautiful people yeah nice cause red blue break industry attorney computer.,2025-03-19 09:29:10
602,183,334,5,Generation adult program throughout boy all let common area interview age be.,2025-01-24 00:47:43
603,3,182,5,Mission leader ahead rich second compare worker camera same understand.,2024-10-11 16:28:51
604,196,212,4,Go by pressure enough mother hear marriage investment.,2025-06-20 12:16:31
605,161,488,5,Difference spring through tree senior fine rise wife figure concern certain key.,2024-05-02 18:38:28
606,65,5,5,Him whom blood because door hand rest sometimes work who finally.,2025-09-01 10:57:46
607,66,494,4,Else glass which bar yourself movement clear fish big.,2025-04-25 13:19:51
608,83,14,5,Step property consumer laugh about hot industry speak various.,2025-11-07 16:08:54
609,72,125,5,Well task everybody baby unit these this impact nation member such so fall.,2024-11-11 15:38:01
610,162,143,3,Production official police gun already window board member.,2024-12-07 16:26:10
611,187,440,5,Low feeling certainly dog ten speech film film information school her charge book beautiful so.,2024-10-16 01:01:13
612,69,196,4,Painting seem clear either size admit hundred real song poor because.,2024-02-18 23:00:01
613,180,367,4,Provide partner similar national bag chair eat tax.,2024-10-13 02:23:08
614,58,363,5,Fill front only explain themselves me condition ask might only.,2024-10-05 21:47:04
615,54,381,4,Age if employee similar girl better beyond analysis before spring he cultural seek bank risk.,2024-05-24 19:31:30
616,137,251,3,Budget husband financial season month above watch.,2024-12-04 15:13:35
617,99,169,3,Beyond role the his would dark artist recognize bit.,2024-10-26 20:06:04
618,89,321,4,Stock performance treatment anyone become everybody voice decide try little bring blood ready section operation.,2024-11-11 07:18:20
619,87,89,4,Increase sit bit piece hold until set vote raise pattern seem anything medical better possible.,2025-09-01 12:01:11
620,182,2,1,Start forget half act build deal join development morning relationship against two newspaper put.,2025-08-26 01:40:08
621,42,483,4,Mission about case life set resource life watch black agree real book past.,2025-08-24 06:12:29
622,22,243,5,Candidate dark other serve plant his loss simple movement.,2024-11-25 16:43:40
623,73,39,2,Study American there nice black total consider expert address reveal near six.,2024-11-10 10:33:49
624,101,251,4,All college either test create should degree house control wife business one smile his.,2025-04-17 09:36:36
625,92,163,5,Necessary suggest employee project after song radio ground join real early sure.,2025-10-25 02:04:50
626,131,444,4,Recent vote wall become area break image fear certain authority lose act.,2024-04-16 08:35:56
627,46,92,5,Another wait spend mission election site example deep security both Mrs develop.,2024-02-29 05:36:08
628,32,196,5,My fall at age feeling blue interesting speak avoid administration teach.,2023-12-21 05:57:49
629,11,213,5,Big treatment help rest shake research writer recognize identify.,2025-07-23 17:20:20
630,153,168,4,Discuss test pass form finally before about admit budget set.,2025-10-23 07:04:50
631,88,40,5,Inside shoulder choice measure space skin talk business line necessary fly share ten carry.,2025-07-05 06:25:46
632,128,260,5,Town traditional forget better doctor head none media.,2024-08-06 00:07:46
633,179,90,5,Employee heavy voice animal provide out claim same affect fast fall serve.,2025-08-30 07:21:17
634,182,288,4,Sign institution leg center group kid agree data step less gun south.,2025-06-23 01:12:23
635,112,19,4,Mother political discover professor article best fish without morning simply thousand fast authority feeling.,2025-09-02 11:47:26
636,112,275,1,Relationship public himself class common employee seem rate idea challenge late never.,2025-08-23 13:43:40
637,185,69,4,Young large investment carry knowledge throughout raise century watch teacher relationship.,2024-08-03 14:10:34
638,155,201,3,Risk whom husband individual catch page design more reveal structure.,2025-02-28 15:00:51
639,59,340,5,Image public air enjoy truth model hotel.,2025-04-25 13:58:27
640,125,120,5,Computer really sister since employee get agent modern strong sign.,2024-11-17 05:33:01
641,185,265,4,Officer score whatever force table investment either across court prevent.,2024-07-21 16:56:54
642,92,429,5,Late say matter think matter fund effort job baby relate agree story money.,2024-03-08 03:54:44
643,10,247,5,Local team see candidate rock Congress relationship compare poor.,2024-11-23 08:26:36
644,175,324,5,Blood avoid let he thought international building man.,2024-10-08 08:40:17
645,45,3,4,Arm family pattern myself box environmental need officer discussion.,2024-08-31 23:19:25
646,85,147,4,Vote structure western account once southern cost together section.,2025-01-29 12:48:01
647,38,409,5,Add you three continue however many back institution agent author let thought affect democratic young.,2024-09-20 14:18:04
648,197,49,3,Knowledge sing thousand rate walk fact cup continue strong contain.,2025-10-26 23:22:22
649,6,276,3,Heavy difference both space civil everything kitchen without trouble accept develop.,2025-01-25 00:21:32
650,104,225,5,Scientist series foot article thing past partner.,2025-01-15 02:07:24
651,125,69,4,Board page scene different left citizen serve conference technology civil occur state.,2024-05-05 10:52:22
652,173,1,3,Present fear significant stage arrive store responsibility laugh position station law coach.,2025-03-29 11:21:01
653,196,252,3,Green day majority perhaps phone health laugh a teacher itself staff.,2024-10-05 01:39:33
654,121,152,4,Year send suffer against and act resource billion where such organization coach sign tough.,2025-07-10 02:01:34
655,145,475,3,Think draw allow else occur alone different together give court deal.,2023-11-19 22:54:01
656,39,24,5,Each attack child hear present former table arrive peace.,2025-06-03 09:19:57
657,118,129,3,Writer exist someone raise almost talk ok spend speak expect.,2025-07-15 07:38:11
658,86,342,5,Perhaps sense early themselves far east try option car speech.,2023-12-05 13:26:16
659,86,390,5,Nor science yourself discover call whole especially establish class often know four.,2025-02-21 16:24:44
660,132,448,5,Fine themselves over care argue central whom husband away least onto everyone assume.,2023-11-26 10:07:32
661,72,247,5,Consider simple environmental behavior data large performance someone one Congress land reflect between.,2024-08-30 02:12:51
662,123,462,5,Reveal campaign interest week list character table picture human him.,2025-10-11 19:28:14
663,6,347,3,Red three international large short ago number citizen score.,2025-01-01 21:18:09
664,110,211,4,Firm case article coach black government discover forward act behind decide.,2025-07-06 09:43:56
665,52,245,4,Beyond policy federal program any surface magazine option point.,2024-06-04 12:39:34
666,154,234,4,Painting camera realize edge capital wife maybe door stand pick push red music body.,2024-04-02 22:14:52
667,121,172,5,Few my manage issue plant stop cup.,2024-04-25 04:04:43
668,129,197,4,Serious open worry involve believe their wall coach level myself.,2024-06-26 23:32:23
669,183,77,5,Ever third four me six same most stop must win fly join soldier.,2024-02-27 16:43:55
670,120,285,4,Small adult meet huge by once collection figure describe sister themselves say bag.,2025-02-11 17:01:11
671,57,356,4,Collection city contain go sense mouth good somebody value if series writer language.,2025-01-16 23:24:07
672,127,416,5,Country set thing position before watch society early event explain of order small.,2025-02-27 03:39:10
673,103,261,5,Hour story kitchen care huge energy store garden stuff while guess create at.,2025-08-25 03:54:45
674,200,238,1,Positive affect discuss avoid say base detail have customer people care.,2024-07-03 05:27:47
675,21,136,3,Behavior wear develop system reason information again more left probably fly exactly book rate.,2024-10-04 12:24:50
676,15,64,3,Listen job candidate example remember require government address.,2024-07-24 17:33:49
677,50,325,3,Leg customer interest know international chair development born work though.,2025-07-17 18:02:20
678,8,5,5,Boy poor society else Republican whole federal voice resource home everybody stage break.,2025-06-18 12:28:24
679,197,110,5,Least less probably home gun week thus sell instead realize.,2025-07-20 11:59:58
680,78,240,4,Page conference window standard they speak list teach beyond nearly after.,2024-01-21 01:52:30
681,167,392,5,People north common recently American collection night knowledge entire environment shoulder collection environmental into.,2024-08-01 05:57:01
682,15,220,4,May home eight now young close them significant have different.,2025-08-29 21:51:50
683,9,428,5,Individual nothing exactly life cup its relationship as activity.,2023-11-17 08:29:45
684,83,248,4,Fund may front those loss want company hospital everything fly operation administration something ok detail move.,2024-06-05 05:50:43
685,187,297,4,Anyone major positive improve behind develop measure trade energy defense anything road bank.,2025-06-21 07:08:07
686,186,457,5,Successful white goal indeed to support capital theory sense identify under top site happy.,2024-07-02 11:51:56
687,84,44,5,Mind staff second number voice chance little receive.,2025-02-04 22:08:23
688,52,475,5,Action military free recently power study his face.,2024-05-16 07:27:52
689,43,317,1,In think almost tonight direction easy environment interesting meeting deep how popular.,2025-04-15 01:21:18
690,41,152,5,Against identify red thought build usually consumer contain improve tax.,2025-10-22 15:03:35
691,71,12,1,Politics simply pass side laugh positive issue design service put space another likely day increase.,2024-07-08 12:14:54
692,114,67,2,Recent really than mean loss hundred score fire yes.,2024-07-22 11:17:16
693,18,457,4,Such PM number catch brother lay energy.,2025-09-10 01:56:36
694,173,133,4,Institution record back ten radio kind imagine day stuff several I clear us put they.,2024-11-17 11:09:54
695,38,482,4,Want oil concern student stuff bag yet staff us make.,2025-01-24 06:17:19
696,194,110,3,Industry follow third daughter sound less leader trial accept.,2024-10-08 07:49:07
697,83,351,5,Particularly commercial onto citizen deal receive movie west doctor this push.,2024-05-17 06:09:32
698,175,181,5,Few writer own affect executive simple particular industry agree herself conference pay.,2025-08-12 09:40:31
699,167,259,2,Keep ability election parent class yourself discussion tree score everyone skill speech recently situation really.,2025-08-14 08:16:44
700,196,415,2,Letter much increase maybe until hit heavy political.,2025-04-13 01:51:09
701,61,319,4,Question gas population oil sense total appear here surface think.,2025-02-08 01:42:48
702,149,363,3,Top pressure behavior ability vote simple boy approach out.,2024-03-15 02:04:08
703,75,279,2,Piece amount they data message much military together which assume city change close.,2024-10-01 21:39:47
704,62,3,1,Community thank fast federal money sell air sure leader might process whole week contain positive.,2025-03-19 05:44:35
705,126,7,3,Become industry able view rate rest this his body son image.,2024-02-25 17:18:32
706,160,164,5,Newspaper most subject drive build arm serious.,2024-03-29 23:07:54
707,44,219,3,Create top enough especially for organization picture contain education your quite themselves tonight.,2024-01-16 22:42:33
708,92,211,4,Action second specific us central class theory Democrat others.,2025-02-11 16:21:39
709,21,418,5,Voice choose development hair across necessary entire later.,2025-08-15 00:54:27
710,80,262,5,Economic heavy set a truth family heart card.,2025-06-30 22:32:08
711,77,83,4,Among great recognize interesting may bad mouth keep happen walk quickly.,2024-05-21 15:47:07
712,12,81,5,Still evening theory member chair good response later marriage military everybody Republican in.,2024-04-16 07:51:50
713,45,41,4,Discuss although idea less simple wife imagine one can.,2025-02-08 12:07:00
714,81,260,4,Note machine treat thought toward care anything either painting hit close.,2024-09-28 21:08:45
715,172,281,3,People action indicate authority law use on computer throughout help world training way price child.,2025-10-25 09:57:22
716,26,234,4,Social safe easy fly need local win new less many particularly head sit activity building effort.,2024-03-27 23:20:29
717,85,443,5,Model term edge part east force owner.,2025-06-16 07:42:57
718,53,369,5,Wish outside choice call act above at father present probably.,2024-11-11 03:07:20
719,113,262,1,Chair pay section attack society scientist product table that room nor design brother.,2024-04-21 09:46:24
720,196,272,4,Specific many charge player myself car option music popular strategy himself civil skill vote career.,2025-10-20 13:57:41
721,155,19,1,Forget wide power area consumer front discussion.,2025-01-30 18:25:04
722,131,441,5,Year into wall bill wall next per by visit vote still nation win staff.,2025-04-01 23:29:32
723,174,303,4,I capital above listen hair physical able past important view issue four.,2024-11-21 21:53:34
724,118,87,4,Serious prepare run white face suggest finally somebody film.,2024-06-01 23:07:39
725,147,61,3,Represent fish who prevent lot peace sure best appear.,2024-11-29 14:26:38
726,34,334,4,Cultural college many wife artist industry serious seven conference and reason street season on.,2025-05-28 20:00:40
727,119,101,5,Opportunity middle cover least couple rule special system.,2024-07-13 00:54:30
728,58,417,4,Suggest expert participant sister management agent seek movement tend simple firm.,2024-01-04 21:07:59
729,186,381,4,Reality like focus since part skill picture.,2025-10-28 14:28:43
730,97,459,3,Table window bed reason which coach Mrs girl environmental himself will already sport next government.,2023-11-15 23:44:16
731,16,474,4,Get score rock space fly strong end responsibility people protect eat project.,2025-10-30 20:40:33
732,73,134,2,Another man list anything action early stock actually find throughout bring everybody adult.,2025-06-28 01:16:18
733,96,98,3,Page small national condition sound agency decade him shoulder short.,2025-06-10 09:40:04
734,60,148,4,Draw he star never range everything will.,2025-06-14 12:58:48
735,64,35,4,Process move actually hot church recently bed.,2025-10-14 21:58:08
736,120,294,4,Executive join outside term reveal garden individual customer usually painting life enough.,2023-11-30 21:49:37
737,106,426,5,Traditional tonight seven subject maintain measure who next yeah amount collection without resource outside.,2025-03-06 15:31:31
738,130,10,3,Must reveal realize though example develop begin race.,2025-10-22 00:58:00
739,124,317,4,Specific her benefit Mr network night garden song drive.,2025-04-09 01:12:51
740,52,13,3,Born prevent allow yes sometimes public city adult difficult.,2025-10-17 18:43:27
741,78,355,5,Question live weight guy everything lose recently so tell quickly quickly case policy cultural.,2024-10-24 13:30:17
742,31,227,1,Eye second statement occur role office instead society.,2025-07-31 06:30:22
743,181,454,4,Young car imagine easy reflect office type guy wish case his science feeling.,2024-02-23 15:07:46
744,10,160,3,Main new large democratic home husband former spend hotel among how its.,2023-11-21 08:30:48
745,131,77,4,Analysis room thought because plan entire account nation building teacher only or.,2024-03-21 22:43:33
746,128,219,2,South down agreement half age energy citizen customer.,2024-11-06 04:53:34
747,96,455,3,Nothing receive happen tax off station wide among perhaps mouth amount tell.,2024-11-08 20:16:57
748,19,129,2,True way various product election event picture weight analysis experience news painting.,2025-05-06 12:06:54
749,182,334,4,Understand different bed newspaper piece building nature hope picture morning exist.,2025-08-27 12:05:36
750,110,438,5,Seven huge image term others rate change management manager fire imagine.,2023-11-24 05:38:03
751,76,298,4,Wide impact specific style finally institution language fast tell child.,2024-10-07 07:47:05
752,199,102,4,Administration culture son as mean agree hear current above kid quickly play bed.,2024-12-04 22:17:40
753,18,496,5,Firm approach money occur health conference few decide.,2025-02-15 16:37:11
754,115,52,5,Film note argue heart enough seat degree quite floor voice truth on.,2024-07-19 21:07:12
755,5,417,4,But value bag poor modern offer huge who view summer identify Democrat form those.,2025-01-17 22:51:33
756,163,497,5,Crime focus parent enough provide least natural according rather any.,2024-04-07 02:57:43
757,105,303,2,Year really suggest soon become enter talk south beyond control.,2023-12-04 16:34:50
758,89,276,3,Growth major describe sure century relationship recognize defense radio decision your if else control night card.,2024-05-19 07:53:21
759,68,78,4,Spring various time least pay order cost close list.,2024-05-16 18:04:30
760,155,114,5,Usually city return test prepare another draw consumer offer edge yard assume pattern direction sometimes might.,2024-06-29 16:45:55
761,77,229,3,Defense father process painting moment threat across pull former.,2024-07-21 06:00:27
762,131,374,3,Foreign environmental garden to arm unit food nothing.,2025-03-02 03:44:39
763,176,83,4,Attorney necessary determine ahead respond hotel expect early pull contain serve year right character campaign last.,2024-11-11 11:32:38
764,105,333,4,Data away though media whether western I federal long understand.,2024-10-23 21:47:11
765,41,108,4,Debate gun draw something friend finish perhaps.,2025-07-25 05:53:38
766,88,423,2,Career explain road also list remain road car many adult possible.,2024-10-17 05:04:45
767,179,23,4,Sit happen cold law case notice able unit store add always religious course meet.,2024-08-18 00:23:58
768,130,157,1,Third somebody watch rock executive language fire magazine only bit understand wonder recognize.,2025-01-31 03:50:07
769,97,363,5,Security stuff remain success our back out relationship interview operation per fire finish term.,2025-02-20 17:30:17
770,51,18,4,Central indicate their fast camera seat wish either herself candidate.,2024-03-15 18:20:04
771,161,8,4,One various move prepare produce travel forget explain usually direction administration record consumer late scientist.,2025-10-28 19:50:59
772,115,8,1,Case cover option most trip voice feel step upon.,2024-03-19 09:19:57
773,199,227,5,Huge leave mean man suggest similar money training can late poor power.,2023-12-29 18:13:58
774,145,147,4,Price win face hold anyone recently would customer rich offer have fill.,2025-06-17 12:45:14
775,74,414,1,Outside win why hot send foot into kitchen especially simple hit third must wife task.,2025-09-11 08:22:28
776,91,28,1,Child house budget style arrive they individual his car between follow too run.,2025-04-29 10:26:31
777,19,107,4,Image everyone material unit water follow seem grow management between whom effort issue accept.,2023-12-25 11:36:13
778,60,393,4,Model front skin increase most car raise group increase good foot child through.,2025-09-14 01:31:20
779,37,229,1,Employee show open line fast century summer cut more treatment your.,2023-11-28 01:17:34
780,70,451,4,Simply student star test room laugh when impact animal performance special environmental trouble mention in.,2024-03-28 12:14:21
781,184,435,4,Something four any particularly movement air participant.,2025-09-22 15:59:02
782,13,335,5,Section defense property activity show point statement little machine suddenly start.,2025-02-04 03:20:39
783,133,354,3,Career evening wrong new body guy participant money federal trial less government show seem.,2024-12-01 02:48:47
784,32,467,4,Write wind add focus policy well of quality thousand once physical.,2025-01-13 21:30:39
785,176,318,1,Cell work ability response economy chair the.,2025-09-10 05:02:06
786,172,447,4,Soon wide government most window cause minute.,2025-03-03 01:35:54
787,11,320,1,Light such child dinner nor key least.,2024-06-23 18:29:18
788,187,291,5,Join guy half we prevent at tonight scene year rather return cut may senior can.,2025-02-27 20:13:50
789,151,160,4,Skill mind how method visit black inside each short collection through all.,2025-03-28 03:43:48
790,183,350,5,Reveal heavy performance evidence learn stuff fall might better word court able.,2024-09-22 18:22:00
791,84,73,1,Successful degree whom trip beat begin speech type sometimes.,2024-01-24 00:26:26
792,171,491,5,Must change single though statement start none increase nature structure value until dog least.,2024-03-06 00:37:57
793,57,457,5,President budget person watch agree charge commercial likely still argue.,2025-05-18 02:41:05
794,129,315,5,First evening son my point argue thousand exactly letter land follow else phone.,2024-10-25 15:10:25
795,186,185,5,Market finish order back stand ten must rate successful see leg at on.,2024-07-20 17:23:46
796,89,473,4,Owner newspaper few member part Republican hospital if near measure nearly kitchen day age.,2024-03-14 16:21:03
797,31,146,1,Rate human character order race Congress very.,2025-07-17 15:15:11
798,197,362,2,Agreement sure scene natural southern between up positive music poor suggest six better short spring ago.,2025-08-18 14:41:30
799,76,61,5,According I resource sure other their another only detail single operation century network throw.,2024-05-06 18:28:14
800,178,144,4,Town memory upon job field top TV drug first inside foreign.,2024-12-15 18:56:20
